household_index,evaluation_windows,mae_kwh,seasonal_naive_mae_kwh,beats_seasonal_naive,central_80_coverage_percent,central_80_width_kwh
16,24,0.15188107184237903,0.213670139045765,1,81.25,0.46928001616874504
17,24,0.11056664364231336,0.14978298702044412,1,82.11805555555556,0.35598786796132725
21,24,0.15838260599412024,0.22069270888136494,1,83.50694444444444,0.42226807995595866
26,24,0.07963993821694101,0.12488541624366513,1,84.72222222222221,0.2254208473669779
27,24,0.02157393523601867,0.0280850697130922,1,72.22222222222221,0.03829410491744056
31,24,0.11131802046050628,0.1382048609149125,1,82.11805555555556,0.3054264184449696
34,24,0.10858022760496372,0.16894791704625176,1,91.84027777777779,0.39737875152948415
37,24,0.020467003703945212,0.027571180240354605,1,84.72222222222221,0.07722799542049567
42,24,0.11806564106761168,0.16233680372372167,1,78.64583333333334,0.36878250547063846
56,24,0.08267078830006842,0.11435763908472533,1,82.29166666666666,0.23286352977932742
58,24,0.11660461713715146,0.16788715303280494,1,81.25,0.34934240536919486
59,24,0.03843830001359391,0.048473958812084876,1,80.55555555555556,0.12721336277253512
74,20,6.1131784347405e-05,4.791666675979892e-05,0,99.58333333333333,0.0009029652122383899
82,24,0.10850263586487724,0.16388715292042536,1,80.38194444444444,0.3173824018902249
83,21,0.12302882604980989,0.17287103148798147,1,81.34920634920636,0.3889881218118327
90,24,0.45333221557343173,0.594906248837813,1,72.91666666666666,1.2752100882741313
94,24,0.26940343583313126,0.3452291650723459,1,81.94444444444444,0.822403475900905
96,24,0.09645956816125868,0.12872048561823451,1,77.60416666666666,0.25101056071515715
101,24,0.257650037528947,0.3326927067246288,1,81.25,0.8361137726137208
106,24,0.3312652854818023,0.4032552083695514,1,79.16666666666666,0.8951815246707864
108,24,0.3673113826403601,0.4469774303336938,1,77.77777777777779,1.0794735237335165
109,24,0.2025909944722015,0.2628038184872518,1,79.86111111111111,0.6130902305141919
112,24,0.21529991179704666,0.28191145685397917,1,74.65277777777779,0.7062233317022523
114,24,0.4062321579290761,0.48135069687850773,1,77.95138888888889,1.141185052278969
117,24,0.11886855893276839,0.18538368094272706,1,89.58333333333334,0.36647134651947355
134,24,0.15011229472131365,0.20759895658637914,1,76.38888888888889,0.4735009629641556
141,24,0.13154503076091512,0.20399826328179593,1,85.41666666666666,0.5015254588538988
144,24,0.1305725506778496,0.18178992993327686,1,86.80555555555556,0.4568233202315039
146,24,0.060444928608679525,0.11819617982837372,1,77.60416666666666,0.14802175073418766
151,24,0.08240077596403556,0.1512361113661124,1,83.33333333333334,0.29172965880328167
157,24,0.30826105397298104,0.5543541693542566,1,76.38888888888889,0.9043358384321133
162,24,0.6284371620790302,0.9124531203336422,1,80.38194444444444,2.0532110278598137
163,24,0.10100033200190713,0.14032118007566574,1,78.64583333333334,0.33798117185425425
167,24,0.23851571978432023,0.3326822917846989,1,81.77083333333334,0.7293113472405821
174,24,0.41969324343113434,0.5824097269732091,1,84.02777777777779,1.3427423672336671
179,24,0.093346004270845,0.14779340266250074,1,86.63194444444444,0.32468549964121646
186,24,0.09399582422338426,0.14172916596807125,1,86.80555555555556,0.2916590911594944
192,24,0.13260001571486807,0.17868749881421941,1,79.86111111111111,0.4327830548087756
197,24,0.11645029048021469,0.16014409730754173,1,76.73611111111111,0.34209424056785387
207,16,0.15779287492235503,0.21105468665094426,1,79.42708333333334,0.46834170022824156
223,24,0.12574270411924873,0.19959722281136136,1,86.28472222222221,0.4788124699973398
226,24,0.3628151434370213,0.4709687512109263,1,81.94444444444444,1.1134127879308329
240,24,0.3276030785507626,0.5539374996183647,1,87.84722222222221,1.1552235514649913
245,19,0.13272210263663478,0.1843333352324471,1,83.99122807017544,0.4147806496016289
246,24,0.2065977882852571,0.2831562497368496,1,79.6875,0.6530825041700155
247,24,0.10949072159322289,0.15735243001512977,1,79.86111111111111,0.38421189138251877
250,24,0.2328593681514677,0.3368715279114743,1,83.50694444444444,0.7702995842426188
252,24,0.07572521400288679,0.10449305546676947,1,77.08333333333334,0.18052431649994105
253,24,0.17342451265236983,0.25440451330764013,1,74.65277777777779,0.5829003801983264
268,24,0.05504353672343617,0.07234548611773385,1,83.33333333333334,0.18448579378633034
269,24,0.34948783212651807,0.4950590251117117,1,80.55555555555556,1.108827155497339
273,24,0.06305612640507105,0.0825277782148785,1,84.02777777777779,0.21130544224029613
275,24,0.22367235720675024,0.2552829857320628,1,84.72222222222221,0.6145799006852839
286,24,0.08696031384170055,0.1107256943683347,1,76.5625,0.2462513851157079
288,24,0.14922239346843627,0.20831423475303584,1,80.38194444444444,0.4849895110560788
302,24,0.2691869591880176,0.3476475689482565,1,73.95833333333334,0.6051570707414713
308,24,0.08756988655982746,0.09929340267424575,1,81.94444444444444,0.26404967421614045
310,24,0.06338092766236514,0.09400867992533474,1,79.6875,0.1943690097088822
313,24,0.08217668806901202,0.11359027743391278,1,80.90277777777779,0.25090575205265647
315,24,0.22447612921759072,0.28497743320703095,1,77.77777777777779,0.4632014700522025
323,24,0.13371802770739627,0.20079166642648894,1,79.51388888888889,0.4692930550728407
335,24,0.27644760055570966,0.4481128474128329,1,75.86805555555556,0.6871631109776596
336,19,0.1492085039877055,0.2233530697331094,1,79.3859649122807,0.35532027587556003
338,24,0.15938466681270963,0.22955208354526097,1,75.86805555555556,0.4787515673993362
340,24,0.39597677641884527,0.563942709666056,1,80.72916666666666,1.28753054395525
341,24,0.19139437111637866,0.2539704849348507,1,80.20833333333334,0.46424798371218556
343,24,0.01094791372694696,0.014407986050678624,1,81.94444444444444,0.04301853373504451
348,24,0.08758935733284387,0.11448263915048705,1,80.20833333333334,0.28389652733070153
351,24,0.1618433946924698,0.18750173637333015,1,75.69444444444444,0.4661135620489303
353,24,0.29026096961913733,0.38715451503069037,1,76.04166666666666,0.8193785069355121
356,24,0.3020812071109604,0.4626458360063326,1,80.38194444444444,0.9633995254213611
357,24,0.09273176815541875,0.14522048612060542,1,84.54861111111111,0.3167761586761723
359,24,0.39135866508715683,0.6291111081114246,1,82.98611111111111,1.1870801554371913
362,24,0.3084838844628798,0.43274999963533545,1,81.77083333333334,0.9947753122283353
372,24,0.15741705578531967,0.20082638900364852,1,84.72222222222221,0.4681406939505703
375,24,0.09796003078938359,0.13992361000014675,1,77.08333333333334,0.26158085645228213
377,24,0.19065556871808237,0.2731875002500601,1,81.59722222222221,0.588832919822178
385,24,0.09124760056147352,0.11245312496774001,1,86.28472222222221,0.2508436353204565
398,24,0.5728584850439802,0.8829184021645536,1,80.90277777777779,1.8868532324106329
406,24,0.1074326544508545,0.13023958229718524,1,83.15972222222221,0.3117595005314797
409,24,0.12788136065420178,0.15123611127556716,1,87.67361111111111,0.398622491177068
413,24,0.31672545556082493,0.43302603785155547,1,79.86111111111111,0.9396876041363511
415,24,0.5561299647670239,0.7698541710981064,1,76.38888888888889,1.5896667862414486
429,24,0.09151073480542335,0.12611805545424837,1,84.375,0.313425009449323
431,24,0.14491466836382946,0.20052603989218673,1,80.38194444444444,0.47410692026217777
435,24,0.04107312164786789,0.049677083579202495,1,79.34027777777779,0.1268427890026942
442,24,0.15736352159486464,0.22033854187854254,1,83.85416666666666,0.5073313036053959
444,24,0.07918594516296354,0.095772568990166,1,81.59722222222221,0.21199689130298793
446,24,0.3138026613483412,0.39318576240394676,1,80.38194444444444,0.7442970183781452
448,24,0.10790052414975232,0.1533767368334035,1,83.85416666666666,0.36187325133424664
453,24,0.12293525393276165,0.16394097306248215,1,77.25694444444444,0.38163470331993365
458,24,0.11171365956801714,0.13481770884633684,1,86.11111111111111,0.3673074402225514
461,24,0.02341271239209972,0.026069444303478424,1,70.48611111111111,0.056445510889817446
465,20,0.1946890135179274,0.27679583630524573,1,77.08333333333334,0.503125872509554
472,24,0.110908366953178,0.1537152769548508,1,81.59722222222221,0.3434726911881525
473,24,0.17345015606325534,0.23716493042755044,1,85.59027777777779,0.639519985144337
474,24,0.09171510113972342,0.13365104163272512,1,82.29166666666666,0.27178348811705494
481,24,0.047173767033705696,0.07007812464790833,1,78.64583333333334,0.14219301478523347
484,24,0.13986991865870854,0.19498090435647303,1,80.20833333333334,0.4245154795806027
492,24,0.12830392439112379,0.18239756882798652,1,79.16666666666666,0.2968009074037481
493,24,0.03837377382701056,0.03908680544959174,1,86.63194444444444,0.14721327427671188
505,24,0.3274158619395975,0.4662638913270914,1,81.25,1.061346578411758
514,24,0.05991750677478396,0.09391319460701197,1,84.54861111111111,0.205089056566875
520,24,0.04294613396309109,0.06270138862439328,1,85.9375,0.14815515643891153
525,24,0.06015225628571999,0.07842361089812282,1,80.03472222222221,0.19894099319612402
537,24,0.12322770268656313,0.20471180663702804,1,84.20138888888889,0.43490679828553563
538,24,0.6593620159029443,0.8630156228836212,1,79.86111111111111,2.0406787011565433
548,24,0.21036563292081054,0.3238541657014543,1,79.34027777777779,0.5623751659360197
554,24,0.07257414836850432,0.1041805558424029,1,84.02777777777779,0.23409682530392376
556,24,0.07924979665808173,0.13901736099635148,1,78.81944444444444,0.2845584061772873
557,24,0.14309461254419553,0.18513715263300887,1,77.43055555555556,0.4021407606908017
558,24,0.10343178712840502,0.13194270873726863,1,80.90277777777779,0.26656257903151626
560,24,0.10342591776538433,0.1527812498388812,1,83.50694444444444,0.3285345886316564
569,24,0.45035967347858885,0.5513611102877702,1,82.29166666666666,1.4596182480454445
573,24,1.0789181989514165,2.126032983470294,1,77.43055555555556,1.545967884775665
578,24,0.09092726735010122,0.12659722285914338,1,80.20833333333334,0.28901675629377777
580,24,0.17568893942775,0.26902951509691775,1,83.33333333333334,0.6693957929189006
591,24,0.20925783508897033,0.2612881928928093,1,79.16666666666666,0.5703934787824336
593,24,0.16042962952310014,0.21667881871366668,1,77.77777777777779,0.42596708201906747
604,24,0.3685633792128,0.46632465070837903,1,77.43055555555556,1.2065307006446853
609,24,0.17909470092531088,0.2195156241650693,1,79.16666666666666,0.4337952207618703
615,24,0.11376517219468951,0.17066145921126008,1,83.50694444444444,0.36159003779499066
616,24,0.31320167640741503,0.49305729079060256,1,72.91666666666666,0.8720041615112374
617,24,0.30096580150226754,0.41185069425652426,1,76.90972222222221,0.7575567943147488
621,24,0.1402814213716839,0.22636631913095093,1,81.59722222222221,0.39538674077226055
625,24,0.1459658611048427,0.17205902667612666,1,81.42361111111111,0.4980935765585552
629,24,0.2210754244458965,0.3111475705065661,1,84.89583333333334,0.7756416803329356
630,24,0.10327509048187898,0.12577083256069777,1,80.90277777777779,0.28144419034166884
637,24,0.353156139039331,0.4423802063489954,1,81.59722222222221,1.0584499698339238
642,24,0.1448004688427318,0.23880555541189905,1,81.42361111111111,0.4631758227478713
654,24,0.4519614284185486,0.6439600735514736,1,82.63888888888889,1.3703757715928886
662,24,0.07956807875638737,0.10396354241594155,1,81.25,0.23873261495545092
674,24,0.12747163967691855,0.182513889601978,1,78.125,0.38732440711464733
675,24,0.06449325554745479,0.08534201400147544,1,81.25,0.18960103767717051
683,24,0.3158011073505299,0.41661979340844685,1,87.84722222222221,1.0990022570929594
685,24,0.2778042676574033,0.3657916673562593,1,78.99305555555556,0.8699856070646396
689,24,0.41488308769961196,0.6131493086512718,1,83.85416666666666,1.390454817459815
692,24,0.5652339939390205,0.7683281293914964,1,75.86805555555556,1.859534082468599
693,24,0.4343468968032135,0.47914063030232984,1,81.59722222222221,1.671895529764394
694,24,0.26880032674590537,0.3857673594288321,1,82.63888888888889,0.7933270869673126
697,24,0.08373509697008154,0.10492534675480177,1,87.67361111111111,0.2583201996684592
702,24,0.03956314169146127,0.05230729185960728,1,82.46527777777779,0.13106337453549108
707,24,0.10965182744742681,0.14469965273100469,1,79.51388888888889,0.23594261165190902
711,24,0.23086235745965192,0.3099131945054978,1,86.97916666666666,0.658174313708312
715,24,0.22481918906042767,0.3689218744661452,1,73.95833333333334,0.6224100473595576
745,24,0.19469298608601093,0.276317708271866,1,81.07638888888889,0.5610339243689345
748,24,0.24662364456647387,0.306137150968425,1,85.24305555555556,0.6989253661853986
753,24,0.11019545119617963,0.1579670147685748,1,78.64583333333334,0.3547010774620705
756,24,0.12629083939827979,0.17078645783476532,1,81.94444444444444,0.40773787199416095
764,24,0.1695982040837407,0.2274270828282978,1,83.85416666666666,0.58701818001767
772,24,0.10128087443040891,0.14500347204092476,1,79.86111111111111,0.3584735447075218
775,24,0.07391345521884635,0.11447222212801636,1,79.16666666666666,0.18945994096187255
776,21,0.12539954732600894,0.18428373167158238,1,82.93650793650794,0.4484420665909374
777,24,0.3612475509548353,0.3810000020958897,1,82.98611111111111,1.2155057692693338
796,24,0.056089170307233066,0.06901736173636487,1,87.32638888888889,0.21012441901904014
803,24,0.27397030868774486,0.4053871501495855,1,77.08333333333334,0.8621196046782037
806,24,0.1563050397671759,0.22746354160416457,1,83.15972222222221,0.5391696353391227
808,24,0.10894095840760404,0.16946527641913336,1,87.32638888888889,0.38717178946050507
820,24,0.07347478266132788,0.10372222217524217,1,80.55555555555556,0.22330659908604705
821,24,0.11078544104627024,0.1322048622985474,1,81.07638888888889,0.3377686275117513
831,19,0.09423838825406212,0.14229385984506002,1,78.0701754385965,0.2773934044107272
836,24,0.330732001140455,0.4167899293889705,1,81.59722222222221,1.0772308505968087
839,24,0.4859527837122894,0.8081354170960063,1,77.43055555555556,1.515575754094041
847,24,0.2829946191567514,0.41055555413994527,1,81.94444444444444,0.9111714266344078
848,24,0.1616378905924244,0.207314236199535,1,84.54861111111111,0.4586650695030888
849,24,0.16147926363110957,0.22239236110666147,1,82.8125,0.5562380408712974
852,24,0.15114631746028964,0.2625156269706268,1,82.8125,0.5193562641118964
865,24,0.057640805190506704,0.08088368042242816,1,76.5625,0.1706689738590891
873,24,0.2064950120661201,0.31119965081517065,1,80.90277777777779,0.6181664899664207
876,24,0.07161396637740028,0.10993923587860384,1,76.90972222222221,0.19873175771984583
881,24,0.14928069356311527,0.2433923602414628,1,79.51388888888889,0.44724037769871455
886,24,0.1250811298765863,0.16849999925276885,1,83.68055555555556,0.40511510539282525
887,24,0.14982855199680975,0.21729861151996172,1,79.86111111111111,0.5261010486218665
889,24,0.49375206171276254,0.5623437480600033,1,77.95138888888889,1.4510643451164167
895,24,0.04998557693519009,0.06384375008120616,1,85.9375,0.18551036298999357
899,19,0.6812866749732118,1.0922214918230708,1,48.90350877192983,0.8798759178372851
902,24,0.19151970146534344,0.2553385400290911,1,81.42361111111111,0.5729865950997919
903,24,0.1387807298710363,0.19259201361435568,1,86.11111111111111,0.5431381021108892
925,24,0.14092642333384398,0.20833159798833853,1,83.85416666666666,0.4539624710515555
926,24,0.10843874383459075,0.13127430569794443,1,78.64583333333334,0.34819975482403404
928,24,0.5331449675270252,0.7464843701778187,1,85.76388888888889,1.9240738910933335
938,24,0.2507367055449221,0.32697222111487967,1,77.43055555555556,0.7038591565150354
940,24,0.25114330157844555,0.3415295142137135,1,80.55555555555556,0.7730069804884907
941,24,0.10193622704213744,0.15501041726383846,1,78.125,0.3010963037894625
943,24,0.10149591739496423,0.146807290872352,1,79.34027777777779,0.30643358994792735
945,24,0.04598710318451696,0.060942708264014475,1,82.63888888888889,0.16019192129735732
947,24,0.043767374337120496,0.0606649306508997,1,78.81944444444444,0.12231776765030292
950,24,0.09318231009334947,0.11622569396341634,1,78.81944444444444,0.3159258803740765
953,19,0.06410174449219515,0.09135307003989031,1,87.28070175438597,0.2206601296110373
964,24,0.04587727860133681,0.05390798616119557,1,76.90972222222221,0.1414648120601972
970,24,0.04716054617892951,0.06330902785541387,1,79.16666666666666,0.17535147180185756
973,24,0.11609110110051309,0.16798958219199753,1,85.41666666666666,0.31213714285857147
982,24,0.06451448947255914,0.0968159725857226,1,80.38194444444444,0.21091321042169714
991,24,0.4141434798431065,0.542328123236075,1,82.29166666666666,1.2800280014570389
992,24,0.29604957652433467,0.3871597229800601,1,82.46527777777779,1.0665456065390673
1000,24,0.13917161989957094,0.20709722129524583,1,81.77083333333334,0.4845368831108014
1002,24,0.1373457549036377,0.16869965358637273,1,85.24305555555556,0.4576555983318637
1008,24,0.13869112577392823,0.18385590299860471,1,77.08333333333334,0.3573387195873592
1009,24,0.12186017280651464,0.166078124816219,1,82.46527777777779,0.4054923766396112
1010,24,0.22900674909922397,0.27846874921427417,1,86.28472222222221,0.7634234959000928
1013,21,0.19352168782008072,0.2646428571777448,1,75.59523809523809,0.5219017596294483
1014,24,0.23396666924883094,0.3309062519886841,1,83.15972222222221,0.7841638109853698
1021,24,0.16928224451839924,0.2405069420993742,1,86.28472222222221,0.6464088889252808
1025,24,0.050610670056711465,0.06742187506622738,1,80.03472222222221,0.15982573901096153
1026,24,0.1675305291104855,0.22441666743381777,1,77.95138888888889,0.48093042372622424
1032,24,0.2587362277813049,0.34971354147678035,1,84.02777777777779,0.8493617077151107
1041,24,0.06392401258926839,0.09765972281133549,1,81.59722222222221,0.2181795425971763
1045,24,0.21721540275029838,0.26311111082193545,1,79.6875,0.7121733553034978
1048,24,0.35014116626957226,0.46974305296316743,1,73.09027777777779,0.9668562981403537
1068,24,0.07966504676733166,0.09541666844031876,1,84.02777777777779,0.2761808837401784
1071,24,0.218644644263097,0.3584062522277236,1,82.29166666666666,0.687244506397595
1088,24,0.1673654050876697,0.2190486129062871,1,82.8125,0.5223577198986378
1089,24,0.19278725955842269,0.26554687297903,1,75.86805555555556,0.6053339508103414
1092,24,0.26988854432582027,0.37621180604522425,1,76.73611111111111,0.8392664014568759
1095,24,0.11015121196396649,0.15440451374484432,1,81.25,0.33442945866328144
1111,24,0.44445567697079646,0.5819826370570809,1,80.03472222222221,1.2746846100005012
1126,24,0.09359753528972053,0.1288420147029683,1,79.6875,0.2879509890658988
1133,24,0.0683424910530448,0.08984027782248126,1,82.29166666666666,0.22922216097099912
1144,24,0.16445456512479317,0.20101041719317436,1,80.20833333333334,0.49012711659694713
1147,24,0.16122455389187154,0.22061631793621927,1,76.90972222222221,0.4356063097818858
1166,24,0.025952304428857233,0.029343750120864973,1,80.03472222222221,0.08530967877919061
1167,24,0.3449823061883863,0.48330034588515347,1,80.55555555555556,1.081604251275874
1170,24,0.10004504552731912,0.1328107644415771,1,83.85416666666666,0.322322227487651
1177,24,0.15888773779281312,0.2527777781037407,1,81.59722222222221,0.544040538267129
1189,24,0.1409790828668823,0.1725121524779954,1,81.94444444444444,0.47819599012533825
1190,24,0.08316812384873629,0.11727430480014947,1,81.94444444444444,0.2850924195049124
1191,24,0.11406667489467913,0.17050347152204873,1,84.72222222222221,0.35722585867107326
1192,24,0.4350938864776658,0.37547395748293233,0,60.06944444444444,0.540365791413933
1195,24,0.10849713884656215,0.15704861159125963,1,77.08333333333334,0.2827358051824073
1200,24,0.22637105592164314,0.3030642349040136,1,87.5,0.8888747964261307
1203,24,0.13958850958281094,0.17023958287770963,1,75.69444444444444,0.41134148489476907
1206,24,0.25488167107363957,0.3295972208595938,1,78.99305555555556,0.7597979116770956
1213,24,0.05835945829231706,0.0987569439328379,1,79.86111111111111,0.17665246348284805
1215,24,0.05457233057434981,0.0866510414182105,1,89.93055555555556,0.2297059138590056
1224,24,0.24851355497958139,0.3320659731915738,1,75.34722222222221,0.5184176499541435
1235,24,0.08956899693132275,0.12952604047798863,1,85.24305555555556,0.30243979045189917
1236,24,0.13764835363771352,0.19485590315889567,1,81.59722222222221,0.4574088589805696
1237,24,0.22292486646781778,0.3239062508671648,1,77.43055555555556,0.6798219687771052
1268,24,0.38165238778714816,0.514795138914552,1,88.02083333333334,1.185007790207035
1270,24,0.15474185509891766,0.21230381892140335,1,82.98611111111111,0.4849078755101396
1274,24,0.08324153506610957,0.0879826385450239,1,81.25,0.25931767982223797
1276,24,0.14752884207862532,0.18435069450384212,1,77.08333333333334,0.4111281023102088
1296,24,0.09505558801659693,0.15792708256695834,1,81.25,0.30959863564930856
1307,24,0.23779286266977173,0.3411197915233465,1,78.29861111111111,0.7498925858332465
1320,24,0.22030293246077942,0.294107638181433,1,81.25,0.6502226770907227
1324,24,0.1416054688161239,0.21446527754111835,1,80.20833333333334,0.4308539628723843
1325,24,0.2426068451669481,0.32261111128092224,1,82.46527777777779,0.809013970558428
1326,24,0.32505422148905283,0.33678125094674116,1,85.9375,1.0130153235255017
1327,24,0.2553440911643621,0.4046892366475529,1,76.38888888888889,0.7843336547310982
1336,24,0.2009521685864052,0.3730833321994093,1,78.125,0.5738491822655002
1337,24,0.09525768237007368,0.11631770903477445,1,84.20138888888889,0.3682730780500505
1341,23,0.1929508004796462,0.25673369669179985,1,83.33333333333334,0.6316032123252533
1344,24,0.13710723229451105,0.1820642346283421,1,80.38194444444444,0.45871225943685406
1345,24,0.5424386957699122,0.7412465269509185,1,77.25694444444444,1.3729328027046803
1348,24,0.2813808709486491,0.3288906264739732,1,76.73611111111111,0.7579203745764163
1349,23,0.026181881909893043,0.029005434762254572,1,85.14492753623189,0.08293996179017468
1353,24,0.11811944007058628,0.16737326446066922,1,73.09027777777779,0.3198595373994774
1354,24,0.1507337131188251,0.19343923536103425,1,90.97222222222221,0.5240015430738114
1355,24,0.0722227363795456,0.11538194452360687,1,83.15972222222221,0.26357820914644337
1357,24,0.3755347725366139,0.5044409706671205,1,81.77083333333334,1.176246353580306
1373,24,0.4111119157945116,0.5574166674373878,1,81.07638888888889,1.3662266483944323
1378,24,0.2607775516258294,0.3799947925274157,1,79.86111111111111,0.875043755914602
1379,20,0.14843443535113085,0.1608979160664603,1,78.125,0.21144668464548885
1380,24,0.11171145439018598,0.1546805552174596,1,77.08333333333334,0.3208475931961503
1384,24,0.0821153575541555,0.10041666628482442,1,78.99305555555556,0.23775642639439967
1387,24,0.09865612756564385,0.13149479236583123,1,80.72916666666666,0.33459430366444093
1388,24,0.2500369353607918,0.31678125187237227,1,81.42361111111111,0.7668757368810475
1389,24,0.3572652153024036,0.44586457938162816,1,80.38194444444444,0.9842005682746984
1392,24,0.08446280793092835,0.12697048575500958,1,80.90277777777779,0.2658607468345306
1393,24,0.11027594122828709,0.16079340337051284,1,82.63888888888889,0.34578208151894313
1395,24,0.25731415926970336,0.3964184017192262,1,75.69444444444444,0.7847606206519736
1400,24,0.09243413332862677,0.13419791688728663,1,77.25694444444444,0.29450888455741936
1402,24,5.4991886587332476e-05,3.4722223871439282e-06,0,99.65277777777779,0.0007333073563826373
1407,24,0.13340907528375587,0.17701909682040828,1,83.15972222222221,0.33173973807909835
1413,24,0.17970941909071472,0.24847048559846976,1,85.41666666666666,0.6107103117586424
1415,24,0.36212469572718775,0.48621007207677597,1,83.33333333333334,1.1772476767914162
1419,24,0.14761865945507047,0.23046527535512318,1,74.30555555555556,0.37132199946790934
1422,24,0.024220687838856572,0.03205729170339408,1,82.46527777777779,0.07873532974432844
1426,24,0.12404420291487542,0.19884548527706,1,82.98611111111111,0.3477970018931147
1429,24,0.1929366182691107,0.2814218762796372,1,82.46527777777779,0.6320895616275569
1439,24,0.22703299507783312,0.313720486450216,1,84.02777777777779,0.7191146166167326
1440,24,0.05855905678537157,0.08662499950474335,1,84.02777777777779,0.20862821572356754
1443,24,0.09676880701833095,0.13852256851451886,1,83.85416666666666,0.3533747658236987
1461,24,0.16390517555798093,0.22461805391746262,1,83.68055555555556,0.5593586441698588
1462,24,0.09875952906440943,0.13716493060605395,1,87.15277777777779,0.29028451453066534
1469,24,0.15022941194992098,0.23509375135310823,1,80.72916666666666,0.5035145478064401
1471,24,0.352949034060455,0.48276388716314816,1,67.1875,0.6623589980105559
1474,24,0.16183328121486637,0.2242048615977789,1,86.63194444444444,0.5358020503125671
1478,24,0.06710662418562505,0.08703645872366098,1,77.25694444444444,0.1888082507842531
1480,24,0.0767479353170428,0.10493749925970203,1,84.54861111111111,0.23126188691498506
1492,24,0.11766297519595052,0.17305729084829283,1,80.72916666666666,0.3806507381248391
1495,24,0.056215213841318876,0.07614756955364202,1,77.77777777777779,0.15874650293133324
1498,24,0.42013473956224817,0.6108472213769952,1,80.90277777777779,1.354332984166427
1501,24,0.07297055842354894,0.0841649305075407,1,83.68055555555556,0.27802240318204796
1503,24,0.26954141391777536,0.3493871533557669,1,82.63888888888889,0.87598451700372
1507,24,0.20265804548075217,0.24994444228812224,1,78.47222222222221,0.5883059946095778
1509,24,0.17204739647503528,0.24738541930047278,1,82.46527777777779,0.5831681917318039
1512,24,0.11537519674230781,0.1514340291161918,1,86.80555555555556,0.39274364249366855
1520,24,0.22153597014645734,0.2818472170167499,1,86.11111111111111,0.8517603606192602
1530,24,0.13422390409848756,0.21386805621700156,1,83.85416666666666,0.41096876812581384
1533,24,0.29266050595065785,0.38745659882099265,1,87.15277777777779,0.9672821613235606
1541,24,0.6046771720931348,0.8325781276087381,1,70.48611111111111,1.1921975784935057
1547,24,0.19296901978345382,0.25973089993931353,1,80.38194444444444,0.5670865493723087
1553,24,0.14224297881850767,0.20268402649607095,1,81.59722222222221,0.3819129438294719
1554,24,0.11908902416730092,0.178038193197507,1,79.6875,0.37412782282465035
1556,24,0.1030349733773619,0.13862326343466216,1,77.95138888888889,0.3143303040156348
1564,24,0.1854899137073921,0.23662499845441845,1,76.04166666666666,0.4373207808368736
1566,24,0.03640923231917744,0.04839583343709819,1,78.47222222222221,0.1150453331000689
1568,11,0.08430005401147134,0.09908712141667352,1,80.3030303030303,0.2876074281380032
1569,24,0.1327019051790962,0.170152776389538,1,77.43055555555556,0.379257258389973
1574,24,0.21312392896248233,0.2775833321114381,1,81.42361111111111,0.5912476330478158
1575,24,0.1462701965873647,0.21207291705326903,1,82.11805555555556,0.5121321491897106
1576,24,0.10740611949909686,0.11450000079478034,1,87.15277777777779,0.40463506761524415
1594,24,0.025744559976576258,0.033592013924135244,1,84.20138888888889,0.07331174271853848
1596,24,0.09977030640907793,0.13593750046048728,1,78.29861111111111,0.27528139809146523
1597,24,0.07024459974814413,0.09255729232811266,1,81.59722222222221,0.22725879735985977
1598,24,0.25553344988859156,0.3447204860874788,1,76.04166666666666,0.66962527227588
1600,24,0.02697079730407697,0.03269618055492174,1,78.64583333333334,0.08300886849691677
1601,24,0.24565440881997347,0.3276371531085008,1,81.59722222222221,0.7848690104567342
1603,24,0.08068088486713047,0.09433159600141355,1,91.31944444444444,0.2739284179923642
1605,24,0.047145337798509795,0.06424652739547633,1,77.95138888888889,0.14715419212330338
1610,24,0.044167904125060886,0.05744097177780026,1,89.58333333333334,0.16534698297942263
1612,24,0.21318331604339213,0.2869461794521663,1,71.875,0.6106125471285648
1632,24,0.5171242247258002,0.586967017255827,1,81.94444444444444,1.6509102237307363
1643,24,0.11809794294984183,0.14542361167776915,1,82.11805555555556,0.34425664675008094
1656,24,0.32419656541767633,0.5197951403420625,1,82.63888888888889,1.1473872142895643
1657,24,0.16690086749278837,0.20063715404830873,1,61.28472222222222,0.40692323305281913
1662,19,0.6723582996218874,0.8908815840749365,1,86.18421052631578,2.276660528099328
1666,19,0.10738355053686782,0.18198903566716532,1,90.78947368421053,0.38368106604014574
1673,24,0.10434697206235594,0.1678489577025175,1,84.02777777777779,0.39637963308228386
1674,24,0.13992372799354294,0.21363368115594816,1,82.11805555555556,0.37258695177216494
1675,24,0.3936422998344319,0.596824653679505,1,83.85416666666666,1.272471415448106
1676,24,0.23980852040565676,0.30958680666258764,1,88.71527777777779,0.892495017602212
1681,24,0.18334421906102863,0.2512135441777193,1,78.99305555555556,0.5549218958347208
1683,24,0.15872739039413217,0.22022395826772684,1,79.6875,0.48665226636350983
1684,24,0.2269961788228506,0.2994861115649756,1,75.86805555555556,0.6305890018896511
1699,24,0.09680076913597684,0.1418611113007905,1,79.34027777777779,0.2910937030489246
1703,24,0.12738603775182533,0.16288368023621538,1,77.25694444444444,0.37962031059174073
1705,24,0.09695683118803168,0.15040451407548971,1,78.47222222222221,0.3071839516439165
1706,24,0.09816536077091263,0.13057812520613274,1,80.72916666666666,0.35156153701245785
1720,24,0.4175083297822211,0.5715277797102721,1,77.95138888888889,1.075448806449357
1721,24,0.10060192407238194,0.13510763952055843,1,81.59722222222221,0.3132979151948045
1724,24,0.10805585297445457,0.10532118059280846,0,83.68055555555556,0.3239045080004467
1726,24,0.10762615490885866,0.1531232637450254,1,76.90972222222221,0.27231266643179375
1729,24,0.1601811804705196,0.21803125056127706,1,82.8125,0.49852551116297644
1735,24,0.03937643080846303,0.05621527756253878,1,82.46527777777779,0.13255395096105835
1759,24,0.6202255905502372,0.8487343850235144,1,80.55555555555556,2.0758319184597998
1772,24,0.11699240491725504,0.16748958388860855,1,80.72916666666666,0.3470830492571824
1779,24,0.19575899641495198,0.26436805418537307,1,74.65277777777779,0.6696181256427534
1783,24,0.5208892272785306,0.6957829859521654,1,80.03472222222221,1.6012566116535
1787,24,0.034827331249188215,0.06626215256983414,1,86.11111111111111,0.13094704838133314
1814,24,0.02628238478468524,0.0306145828217268,1,85.59027777777779,0.10674723792665948
1816,24,0.1738768064468685,0.23821875119271377,1,80.90277777777779,0.5191504161339253
1820,24,0.06695193397657324,0.11009027773980051,1,84.20138888888889,0.2316415269419344
1824,24,0.3172649190334293,0.40577604214518537,1,78.64583333333334,0.9731591807988783
1825,24,0.17289773643844658,0.24298784872775692,1,79.51388888888889,0.5435007964519577
1832,24,0.4573240081145842,0.5791961784189981,1,79.16666666666666,1.3262821874684758
1838,24,0.25247523058593896,0.37277257088054383,1,81.59722222222221,0.7908358547784802
1847,24,0.3524580945312563,0.40633333166543806,1,83.50694444444444,1.3010883287837107
1859,24,0.5707141725061875,0.7189010386872623,1,82.11805555555556,1.7281171299206715
1863,24,0.11850594249295278,0.15390625023671115,1,78.125,0.4045870596698175
1874,24,0.21958407449225584,0.2630555561691936,1,82.98611111111111,0.7401177160855796
1881,15,0.13951799559613898,0.2192194430416243,1,78.05555555555556,0.4202565449393458
1906,24,0.6158357908845775,0.8621996554235617,1,80.90277777777779,1.971740010091
1908,24,0.08283604314136836,0.12104340292151189,1,86.63194444444444,0.29241125262342393
1909,24,0.1155722145211055,0.15374131915288874,1,76.5625,0.33162779578318197
1917,4,0.09997726839113359,0.264208330559389,1,82.29166666666666,0.46617480165635544
1921,24,0.2948483641957864,0.3844531238492992,1,82.98611111111111,0.8772501546579102
1924,24,0.17325329850427806,0.2805468748168399,1,74.30555555555556,0.5216052683794664
1931,24,0.0401762859740605,0.05076562464334226,1,80.72916666666666,0.13204919216999164
1935,24,0.20098222257284862,0.2743003473022125,1,76.73611111111111,0.5834182697969178
1937,24,0.3685123159860571,0.45416492867904407,1,77.60416666666666,1.0476253364856045
1938,24,0.029555560134920396,0.04010069427507309,1,82.8125,0.09927311624374448
1948,24,0.3352507696318854,0.42910764183357564,1,82.63888888888889,1.058312986873918
1951,24,0.4565891277226102,0.5318142320158787,1,84.89583333333334,1.3432778952539794
1952,24,0.3241478059596072,0.43661632347438073,1,81.42361111111111,1.0025371708907187
1959,24,0.2733685635418321,0.4228559018035109,1,83.15972222222221,0.9211088901696106
1960,24,0.36282715949022937,0.42804514192458654,1,85.24305555555556,1.204088516999036
1961,24,0.00995664598788911,0.015366319432764107,1,93.75,0.030961622277067766
1974,24,0.1552060829061601,0.2251510419882834,1,80.90277777777779,0.5114491637278762
1976,24,0.21895375690655783,0.2998593736427008,1,75.52083333333334,0.6347461289519237
1987,24,0.11400887019570088,0.1609756949280078,1,87.15277777777779,0.42435801846699583
1992,24,0.07477020205179644,0.12240277765603322,1,82.29166666666666,0.20093315224059755
1994,24,0.25084135916808414,0.33824131848652744,1,75.52083333333334,0.7183181970483727
2002,24,0.16997200809419155,0.2505711817389561,1,81.59722222222221,0.6493015355534024
2005,24,0.0863948945576946,0.10998611040930781,1,79.16666666666666,0.26286687249214286
2007,24,0.2881460694544431,0.38376388685881263,1,73.61111111111111,0.7621012140686313
2013,24,0.17683448366976032,0.2112656255226789,1,78.64583333333334,0.5317080051689926
2018,24,0.14877547061769292,0.1905069440351023,1,81.77083333333334,0.39253222666836035
2022,24,0.029005087116577972,0.043699652480427176,1,75.69444444444444,0.08798444780728056
2029,24,0.052889345821717546,0.08235243068904513,1,85.06944444444444,0.17859490539154244
2031,24,0.1594006003320424,0.25517708220933044,1,84.54861111111111,0.5420395870072147
2033,24,0.10424094807563557,0.1482048608466155,1,78.99305555555556,0.3081267291628238
2034,24,0.07379011751618236,0.09372048543041779,1,84.89583333333334,0.26288058916624224
2036,24,0.09430126153165475,0.13727604151871572,1,77.60416666666666,0.2618964600583745
2052,24,0.07993129118323042,0.13136284752262226,1,87.5,0.2291656687286579
2054,24,0.11586353838598977,0.1818715284914813,1,81.42361111111111,0.4203999067734306
2067,24,0.12297113428616689,0.1889253482222557,1,76.5625,0.37777042218173545
2090,24,0.2536847338390847,0.3463680565991025,1,80.90277777777779,0.7840401876407365
2097,24,0.29708908891512287,0.3758906264297871,1,65.625,0.6991166657664709
2102,24,0.3596883011179873,0.5068854170256398,1,78.99305555555556,1.0616462847942278
2103,24,0.23511878697576727,0.29917361187270014,1,77.77777777777779,0.6650408843739165
2108,19,0.08316206368372629,0.11319078939656417,1,78.50877192982456,0.2694981366788086
2122,24,0.20958830500927028,0.26797743240604177,1,84.375,0.6609341873166462
2123,24,0.298216849310039,0.3900815971250672,1,81.77083333333334,0.871769679373958
2124,24,0.06870076933410019,0.08042013980189545,1,77.95138888888889,0.202473263320927
2127,24,0.10741022344639835,0.18044270737381238,1,91.14583333333334,0.21863253644874525
2128,24,0.07923346693213615,0.1045086805566421,1,79.86111111111111,0.2754025505726329
2131,24,0.0857411533749352,0.12047916776241942,1,80.72916666666666,0.26632805845131063
2136,24,0.16424957884009928,0.23151909679614213,1,80.72916666666666,0.49904643630401957
2138,24,0.09845499347688423,0.13879861188535061,1,78.81944444444444,0.30297347786836326
2147,24,0.0990865248734028,0.12738541640444762,1,78.64583333333334,0.29159347048132783
2148,24,0.19275123204958314,0.2670312513105778,1,86.11111111111111,0.6280297094231678
2149,24,0.22413076066489643,0.30477777587172267,1,81.77083333333334,0.7495383608361913
2152,24,0.2095432720767955,0.2932013903240052,1,78.125,0.6428742911666632
2156,24,0.09001625461840174,0.10757465280928752,1,79.6875,0.30379009645225274
2159,24,0.12082594305846012,0.19312499912403938,1,78.29861111111111,0.4092790061452736
2160,24,0.07772761051698278,0.09137673591936214,1,84.54861111111111,0.23399266832145965
2161,24,0.11186527432356444,0.15144270875801644,1,80.72916666666666,0.34123627150741714
2169,24,0.08195076291384693,0.13367534725693986,1,85.76388888888889,0.2813040686176262
2173,24,0.21901866229664949,0.3011250000498775,1,84.375,0.7172689852822158
2174,24,0.16119090352569604,0.23998263892200258,1,78.64583333333334,0.5671000734437257
2179,24,0.10304154631254885,0.13572222223046992,1,75.52083333333334,0.24517047626432031
2180,24,0.15141721247669515,0.19158159908773895,1,79.51388888888889,0.530906372419041
2187,24,0.18360225711431769,0.27436805605086395,1,84.20138888888889,0.6675319571772383
2193,24,0.16294697928848714,0.1957586801824315,1,76.90972222222221,0.45299926854204386
2197,19,0.09109029972010799,0.13723026280569142,1,80.48245614035088,0.2960630544837107
2198,24,0.1420861446014088,0.18483680782891396,1,84.72222222222221,0.4716722740170856
2206,24,0.6144103727096485,0.7563020756675137,1,78.29861111111111,1.96429251279268
2209,24,0.256957382739832,0.398178817005828,1,79.6875,0.802271359341426
2210,24,0.09170598013507616,0.11833680578274652,1,77.43055555555556,0.311991486685454
2213,24,0.09758685821563834,0.11906249982874012,1,80.20833333333334,0.3129244791602509
2215,24,0.05299071475767252,0.06397916693357628,1,79.16666666666666,0.17078987154592243
2221,24,0.09341242290489997,0.11922048564237128,1,81.77083333333334,0.30709689798661405
2230,24,0.1348933084971375,0.27460590251980144,1,86.97916666666666,0.5129573189705197
2232,24,0.17325288190558139,0.25886458405552226,1,79.16666666666666,0.6029492136504915
2234,24,0.09938789015480627,0.13622569534022155,1,77.95138888888889,0.29717776037028265
2239,24,0.17162626060760683,0.2158142347406182,1,73.09027777777779,0.4422423532232642
2246,24,0.46407857780448264,0.6224843831732869,1,77.25694444444444,1.494968734992047
2247,24,0.0740044168325969,0.10941493006733556,1,81.77083333333334,0.24865869655170375
2259,24,0.24716536584310234,0.31405555402549606,1,76.38888888888889,0.6685385150162296
2260,24,0.18368961786230406,0.21975173691235897,1,78.125,0.524587651507722
2269,24,0.19122689670702028,0.23350868090185234,1,75.69444444444444,0.4613940351797889
2273,24,0.17824906915322775,0.24946701482662725,1,80.03472222222221,0.4853483429049245
2286,24,0.11204460510958193,0.1605190972267236,1,78.99305555555556,0.2725985125483324
2288,24,0.20923235580428606,0.38101909638175535,1,84.89583333333334,0.5783460911156403
2290,24,1.4241872860325708,0.48352083853549427,0,1.9097222222222223,1.693584468215704
2292,24,0.1293955917984325,0.16989756940812287,1,78.47222222222221,0.4047496077190671
2294,24,0.006550692688001113,0.00825694404516576,1,71.35416666666666,0.012580728986197047
2296,24,0.0687268093913897,0.09140625016880222,1,77.60416666666666,0.19622676440566364
2298,24,0.036861777149978375,0.04408680549709566,1,80.20833333333334,0.12428621039079088
2306,24,0.04222113350018238,0.04456076397521732,1,82.29166666666666,0.14394170437137493
2308,24,0.22292645080273765,0.34594965228138286,1,77.77777777777779,0.5173820431939222
2313,24,0.14603731494086483,0.21140798648896938,1,73.78472222222221,0.4272515345106108
2317,24,0.12437892448441643,0.15917708275891426,1,80.90277777777779,0.3283934930287715
2326,24,0.4417379228398204,0.6519340223943194,1,74.47916666666666,1.4205242852783866
2334,24,0.02635286839924649,0.04098090213341897,1,86.80555555555556,0.11259335609308134
2337,24,0.24320683326934361,0.28278992996395874,1,79.6875,0.6032571843049178
2349,24,0.06897735097704248,0.08914583257865161,1,84.72222222222221,0.23953210609033704
2351,24,0.1451392518227092,0.1840104157001608,1,80.03472222222221,0.45311339874751866
2356,24,0.10926582576293084,0.15596875030961302,1,78.64583333333334,0.3446696945724802
2363,24,0.3287620176561177,0.40098437122328,1,83.85416666666666,1.1694580234794154
2372,24,0.26079960307106376,0.38534548557880854,1,80.90277777777779,0.65958216217243
2373,24,0.15060217796255732,0.1987708338872633,1,82.98611111111111,0.5025995772642394
2376,19,0.3540934806428196,0.47575438677807125,1,82.45614035087719,1.2577686077147199
2378,24,0.21940263777246904,0.29442013846710324,1,83.33333333333334,0.7090350307989866
2379,24,0.11769089692906062,0.16650347253501727,1,83.33333333333334,0.4130170400150948
2380,24,0.38216352890918237,0.4985763871162716,1,74.30555555555556,1.035469247131712
2382,24,0.19094679552492583,0.30166666565411204,1,77.43055555555556,0.5731473517759392
2384,24,0.23684401781712142,0.3309149308802767,1,79.51388888888889,0.6583912733217908
2386,24,0.3325933415002914,0.49348958403182525,1,72.22222222222221,0.9174460053392168
2389,24,0.18310335550146797,0.2077291663736105,1,79.51388888888889,0.5632173685460455
2393,24,0.07481151564408922,0.08113194456543876,1,82.98611111111111,0.27351180704620975
2404,24,0.033810201386384305,0.04716840278928834,1,88.71527777777779,0.1004138180675606
2410,24,0.09801121623604558,0.13499652858202657,1,82.46527777777779,0.3585255650493006
2411,24,0.5435745573809577,0.6486597161533104,1,85.59027777777779,2.0515813457055225
2422,24,0.1920728364493698,0.32718576439138913,1,81.07638888888889,0.5620917581642667
2423,24,0.0540012191179105,0.0713715275697824,1,78.125,0.17232513339776132
2428,24,0.06510509084425091,0.0788489585425446,1,85.06944444444444,0.21142580427436364
2432,24,0.08938949268000822,0.12705729136036503,1,83.50694444444444,0.2844730278916864
2434,24,0.07931753039722228,0.12396180484857824,1,79.16666666666666,0.2668047845363617
2435,24,0.5805112778519591,0.7918402732660373,1,82.11805555555556,1.9407993321203523
2436,24,0.21953755299909972,0.2848940963966824,1,78.81944444444444,0.648986132349819
2438,24,0.02709156601566873,0.05521527783760879,1,76.04166666666666,0.05751337009779592
2441,18,0.11734620326509078,0.19190046130852015,1,82.87037037037037,0.37349157728668714
2445,24,0.04963822981355608,0.06643402768531814,1,82.11805555555556,0.16040078066160074
2449,24,0.04099841594385604,0.05852256906736228,1,80.20833333333334,0.12184715871181753
2454,24,0.2108991916757077,0.2455607644515112,1,89.0625,0.7952215215708647
2455,24,0.1380242372267983,0.18562673706199145,1,77.25694444444444,0.43647815708795357
2457,24,0.14289008338366532,0.15874305536918756,1,88.02083333333334,0.52748225021383
2462,24,0.16626809816807508,0.18844444641015595,1,84.20138888888889,0.6115236615813855
2464,24,0.13230563192498973,0.17681423709210423,1,82.8125,0.43371015567229027
2475,24,0.4030481372675341,0.5167500014132302,1,82.63888888888889,1.263414395869606
2476,24,0.03417583408817235,0.052282985713746816,1,83.50694444444444,0.11657737287977296
2477,24,0.10078268904342419,0.14330208112692666,1,81.25,0.3387589322196113
2482,24,0.09660765645094216,0.15088888914841744,1,83.15972222222221,0.2880262243044045
2487,24,0.04564438156537815,0.05632986107634173,1,90.97222222222221,0.18720935708067069
2489,24,0.1108938100385583,0.1319826383712805,1,81.77083333333334,0.3185720623522583
2490,24,0.08205680087363969,0.11827430519689289,1,89.75694444444444,0.28919579181820154
2494,24,0.15646260255016387,0.2082447921533862,1,82.29166666666666,0.49968127275092733
