household_index,evaluation_windows,forecast_points,mae_kwh,rmse_kwh,bias_kwh,r2,seasonal_naive_mae_kwh,beats_seasonal_naive
16,24,576,0.15172531603214642,0.23012971716685707,-0.041249064444046885,0.13049560810686156,0.213670139045765,1
17,24,576,0.11151477527002701,0.209157402592822,-0.04172808381392517,0.1787934363543796,0.14978298702044412,1
21,24,576,0.1559481797222462,0.31596237101655916,-0.07458908281599481,0.3317680580276927,0.22069270888136494,1
26,24,576,0.08019658663478266,0.19938508506761982,-0.030267167270519875,0.3022577764316896,0.12488541624366513,1
27,24,576,0.021536588366466783,0.07333434161231067,-0.013969957801034778,0.05031609502885459,0.0280850697130922,1
31,24,576,0.11163366466967596,0.23052386646943138,-0.06901170390968521,0.179184937397313,0.1382048609149125,1
34,24,576,0.1093761966460281,0.2564904798410732,-0.06100457228927149,0.41053671470399833,0.16894791704625176,1
37,24,576,0.02044696267694235,0.040272441114645244,-0.008842083418534862,0.3382787041415177,0.027571180240354605,1
42,24,576,0.1188193667654155,0.1928124305282467,-0.014169601193215284,0.4171718709147324,0.16233680372372167,1
56,24,576,0.0828271479695104,0.1805455087042131,-0.03002354747796845,0.31013020390853097,0.11435763908472533,1
58,24,576,0.11608060060017225,0.24425545952563776,-0.029788188610432878,0.16215514898580974,0.16788715303280494,1
59,24,576,0.03864566078280202,0.04878370169033627,-0.0012413481470300919,0.5997720932721525,0.048473958812084876,1
74,20,480,2.7931992429770734e-07,1.4463836846914522e-06,2.7931992429770734e-07,,4.791666675979892e-05,1
82,24,576,0.10978784627190584,0.19185780263428245,-0.04136319217569609,0.18206748190266175,0.16388715292042536,1
83,21,504,0.12238144873833609,0.18516152621585003,-0.032999180471672426,0.35407787198149243,0.17287103148798147,1
90,24,576,0.4455653470682187,0.6538074099191666,-0.08684639800857338,0.5282337886890329,0.594906248837813,1
94,24,576,0.2713381872098479,0.4437457289615801,-0.08527034979003172,0.2751053084393972,0.3452291650723459,1
96,24,576,0.09724704280314553,0.2126364113556821,-0.04615288007254195,0.09457226799308693,0.12872048561823451,1
101,24,576,0.2573585582431406,0.3532400461609414,-0.07863859431300727,0.576102276257437,0.3326927067246288,1
106,24,576,0.32810888235043323,0.5178422481824235,-0.12666724392005968,0.4343661769434103,0.4032552083695514,1
108,24,576,0.3699852738581184,0.6512237898016988,-0.10628678114153445,0.19192920109320855,0.4469774303336938,1
109,24,576,0.2016101526743215,0.3655177701359178,-0.11522867216262966,0.16155916789786584,0.2628038184872518,1
112,24,576,0.2207049581532677,0.3227637051729601,-0.030347688020103507,0.473075586460616,0.28191145685397917,1
114,24,576,0.4050933121600085,0.7091619470453935,-0.13624615056647194,0.2796756783661437,0.48135069687850773,1
117,24,576,0.11642983009288502,0.3222765649338836,-0.04510230979131949,0.4081514676000889,0.18538368094272706,1
134,24,576,0.15755520784296095,0.28940071926916383,-0.05356823505523304,0.38432873063160855,0.20759895658637914,1
141,24,576,0.13310366404281618,0.2795217566155012,-0.046682002026096195,0.3399642107013967,0.20399826328179593,1
144,24,576,0.1270907611728439,0.24904548305952207,-0.06690478483344325,0.3371460136926253,0.18178992993327686,1
146,24,576,0.05994637630000296,0.18017735805598015,-0.037023746874183416,0.1349638245447401,0.11819617982837372,1
151,24,576,0.08321776503321922,0.16802994841854754,-0.04340731367119588,0.09931709651147724,0.1512361113661124,1
157,24,576,0.3071410203507791,0.5936613914915114,-0.07957860623072419,0.3351699008370884,0.5543541693542566,1
162,24,576,0.6236858441548571,0.95883164690834,-0.12309806911313596,0.3843853168063397,0.9124531203336422,1
163,24,576,0.10138539369735453,0.14954363886819635,-0.006133223676847087,0.35295654871960525,0.14032118007566574,1
167,24,576,0.2360618815679724,0.45884106662452934,-0.0648810385998028,0.19337495469497612,0.3326822917846989,1
174,24,576,0.42096692421990967,0.6298199125262812,-0.1115113222040236,0.4577113899640243,0.5824097269732091,1
179,24,576,0.09315130238731702,0.1804545125683258,-0.034189308838297926,0.2619758027611804,0.14779340266250074,1
186,24,576,0.0943211799280511,0.21118457344442357,-0.04487154180080526,0.28665973074271656,0.14172916596807125,1
192,24,576,0.13298484461847693,0.20775463662386065,-0.017856263076990016,0.431432281456787,0.17868749881421941,1
197,24,576,0.11679457642862366,0.23074263322137561,-0.052487488344518676,0.11370347730682617,0.16014409730754173,1
207,16,384,0.15771819344566515,0.28509970096601744,-0.07154320215340704,0.3025461093487606,0.21105468665094426,1
223,24,576,0.1285421271426862,0.27491745335660916,-0.03551451562735666,0.3107105754249747,0.19959722281136136,1
226,24,576,0.364645275959952,0.6445549183889839,-0.1515210532169375,0.1955332957851078,0.4709687512109263,1
240,24,576,0.3357765155120028,0.514018249583561,-0.07055433115197553,0.5052066534820377,0.5539374996183647,1
245,19,456,0.13154572716570997,0.2353183846227774,-0.0639288402816052,0.41059572376668196,0.1843333352324471,1
246,24,576,0.2079949689666844,0.3650992417593955,-0.05291185758283569,0.10120006922101343,0.2831562497368496,1
247,24,576,0.10953729064527175,0.22359328386570054,-0.03653030834458251,0.17088069651583415,0.15735243001512977,1
250,24,576,0.2347233108917458,0.4428995258120851,-0.07145371580392951,0.34102810886437374,0.3368715279114743,1
252,24,576,0.07613414179003383,0.14040266946496216,-0.03419105239380668,0.20756549393923662,0.10449305546676947,1
253,24,576,0.17307717393204156,0.3303989828887028,-0.07481618107865667,0.1467786638087939,0.25440451330764013,1
268,24,576,0.055504607871019594,0.09156066673177937,-0.007095827171320302,0.4101599842476672,0.07234548611773385,1
269,24,576,0.35182484585998786,0.632790878599413,-0.12312375034929977,0.31300721131108,0.4950590251117117,1
273,24,576,0.06326515778588752,0.11275321403654685,-0.016554968793772988,0.34440607734108486,0.0825277782148785,1
275,24,576,0.22333033476024866,0.5257373406107093,-0.09468021124808325,0.17991351229445574,0.2552829857320628,1
286,24,576,0.08754701079386804,0.13940069321160353,-0.02264032682352182,0.15000345551207117,0.1107256943683347,1
288,24,576,0.14972123917606142,0.21004778849512448,-0.02427177746883697,0.5333371625642729,0.20831423475303584,1
302,24,576,0.26656909737115103,0.4512500632033613,-0.14646341372281313,0.09008883285894265,0.3476475689482565,1
308,24,576,0.08736135502759781,0.23795583679941484,-0.040619070227775306,0.058663040607337624,0.09929340267424575,1
310,24,576,0.06369533980937882,0.08825404107665047,-0.023010899894870818,-0.07961790742645247,0.09400867992533474,1
313,24,576,0.08333704912284803,0.13166600685042612,-0.015006494236230437,0.3119773523178566,0.11359027743391278,1
315,24,576,0.22461847450015032,0.4464010913118167,-0.14058359260929543,0.019900850934093994,0.28497743320703095,1
323,24,576,0.134373363521364,0.27803026563643746,-0.054185964813869864,0.15855117439126365,0.20079166642648894,1
335,24,576,0.2812074724222637,0.5067752527000962,-0.1770188606913305,0.0817101411891833,0.4481128474128329,1
336,19,456,0.1498559851918304,0.2990162914186109,-0.09232177049444433,0.19287505489997125,0.2233530697331094,1
338,24,576,0.1679020670449568,0.25565759702580504,-0.03378713850138916,0.21959343617568317,0.22955208354526097,1
340,24,576,0.39130866885211113,0.5439304671817001,-0.0027182120377094382,0.06328048938868458,0.563942709666056,1
341,24,576,0.1964470279053785,0.4250082029126335,-0.07884825506739111,-0.11430868546589168,0.2539704849348507,1
343,24,576,0.0107640773737027,0.019187592208581693,-0.003019305971166533,0.54905422568221,0.014407986050678624,1
348,24,576,0.0880411283320023,0.19984468573924255,-0.03749644537715034,0.24610599241388098,0.11448263915048705,1
351,24,576,0.16271888802293688,0.24393597621695035,-0.006502500489457614,0.35653982090023484,0.18750173637333015,1
353,24,576,0.2902910303835395,0.5017905739154843,-0.17068155339155863,-0.009851148410778832,0.38715451503069037,1
356,24,576,0.3009359182453611,0.47330016800242974,-0.04624616293909235,0.4024134775955611,0.4626458360063326,1
357,24,576,0.09356794316813143,0.1718961210660532,-0.034809671090139695,0.2799160016170069,0.14522048612060542,1
359,24,576,0.3991089032755958,0.6646227318424933,-0.14375337916943762,0.45287781924796855,0.6291111081114246,1
362,24,576,0.3067771124446558,0.5144911605367039,-0.10312342504039407,0.3549100933290027,0.43274999963533545,1
372,24,576,0.1577882829167518,0.3911306689890776,-0.07216973462103245,0.3211640319567194,0.20082638900364852,1
375,24,576,0.09877419894716392,0.20388703045470177,-0.04993218386597517,0.10984486133873217,0.13992361000014675,1
377,24,576,0.18592972886593392,0.3227151097090118,-0.08664462208333942,0.19167157464478435,0.2731875002500601,1
385,24,576,0.09245661252255861,0.25224448551617457,-0.043710762893574104,0.22430497056249554,0.11245312496774001,1
398,24,576,0.5856423011282459,0.975752989032431,-0.23953084915410727,0.15075856236642982,0.8829184021645536,1
406,24,576,0.10739945298215996,0.2295665886273904,-0.056039265111192234,0.17258081332124164,0.13023958229718524,1
409,24,576,0.12828897937045744,0.3138727073327147,-0.06739052054601619,0.40130007571536463,0.15123611127556716,1
413,24,576,0.3226182706291891,0.5419588451660736,-0.10929497458144194,0.22980463307764187,0.43302603785155547,1
415,24,576,0.5582918150402192,0.9341354929340606,-0.21781623076337078,0.30519947874858744,0.7698541710981064,1
429,24,576,0.09155286341491672,0.15289519865293538,-0.022062543624391157,0.5197131046296927,0.12611805545424837,1
431,24,576,0.14611626566491193,0.21433103792630662,-0.03311468127907978,0.25656597875990883,0.20052603989218673,1
435,24,576,0.04113888863422391,0.0623896713100518,-0.013022116294855045,0.3709543751029011,0.049677083579202495,1
442,24,576,0.15698894761347523,0.2672307223973035,-0.03493733304397514,0.2460987682598571,0.22033854187854254,1
444,24,576,0.07854111947947079,0.1774314157110576,-0.04408345744013786,0.12371231883385592,0.095772568990166,1
446,24,576,0.3163589410639058,0.6584671442533627,-0.14966859039850533,0.10206394174961075,0.39318576240394676,1
448,24,576,0.10747587799818979,0.22738069379745585,-0.05859946174960998,0.2722320248702046,0.1533767368334035,1
453,24,576,0.12287272309832689,0.19963344999544436,-0.045081214785265424,-0.02775431463937017,0.16394097306248215,1
458,24,576,0.11155736665629472,0.18610529660691547,-0.018524108422247484,0.5713560497026043,0.13481770884633684,1
461,24,576,0.022349052168364223,0.0996967611173294,-0.006863707833367193,-0.02375206362368698,0.026069444303478424,1
465,20,480,0.1888827049988322,0.34779595748146747,-0.044554648497918,0.22215520731902472,0.27679583630524573,1
472,24,576,0.11181651588089557,0.21121014971326157,-0.04052945700499953,0.2823754067380143,0.1537152769548508,1
473,24,576,0.17184445238672197,0.34784921097203847,-0.07101769582368433,0.331639936886462,0.23716493042755044,1
474,24,576,0.09220753770528568,0.18455106571344204,-0.034525471532510385,0.18317424141129224,0.13365104163272512,1
481,24,576,0.047054002067953765,0.08157120906725263,-0.003765400001106577,0.420078131899289,0.07007812464790833,1
484,24,576,0.139794518912418,0.25538877572904717,-0.07026262902137306,0.15758035462868691,0.19498090435647303,1
492,24,576,0.12785825846367516,0.30508557345613757,-0.09044852620960835,0.004012629398176704,0.18239756882798652,1
493,24,576,0.03840976772415969,0.07937895569136362,-0.016056477842438553,0.5738397068078271,0.03908680544959174,1
505,24,576,0.32596010996753144,0.5031594664730009,-0.029134133546095755,0.35933911465683,0.4662638913270914,1
514,24,576,0.0605806640168238,0.08601023555216361,-0.009681137214000855,0.5638789186741092,0.09391319460701197,1
520,24,576,0.042821713787917465,0.09048676444510381,-0.013930193316708837,0.16032693264285414,0.06270138862439328,1
525,24,576,0.060362938603955425,0.118561932713499,-0.01892537419917062,0.09403914437958116,0.07842361089812282,1
537,24,576,0.12428008915028638,0.2097352535321351,-0.0371676912634737,0.5634406836298711,0.20471180663702804,1
538,24,576,0.6467880246216535,0.8412469033003529,-0.18013516464917403,0.08035393933664259,0.8630156228836212,1
548,24,576,0.21356006217279677,0.4193037449887834,-0.10558397769475253,0.19070697377083068,0.3238541657014543,1
554,24,576,0.07229147048201412,0.14204423486153858,-0.018080220311983593,0.26645179538336405,0.1041805558424029,1
556,24,576,0.07936733721160433,0.16552381546282643,-0.02975759913291161,0.022400351335385982,0.13901736099635148,1
557,24,576,0.15007380427171788,0.2222673135232993,-0.06017413569821252,0.07625750995569947,0.18513715263300887,1
558,24,576,0.10351244704927215,0.18292577781685687,-0.06458167729821677,0.13814115264922444,0.13194270873726863,1
560,24,576,0.1041287111519422,0.23342323237476637,-0.060408263460784734,0.12190483077310499,0.1527812498388812,1
569,24,576,0.4515952231789318,0.6127210285897693,-0.1018747894753081,0.36230019826150783,0.5513611102877702,1
573,24,576,0.9768145128877627,2.3408000360582935,-0.13473259730057585,0.4567916742967443,2.126032983470294,1
578,24,576,0.09144735717240514,0.2054681639668251,-0.03810852755042207,0.18426225098374405,0.12659722285914338,1
580,24,576,0.17477484518248174,0.28642114675472785,-0.04752411238021321,0.41751393243965507,0.26902951509691775,1
591,24,576,0.2089648597369281,0.38687868251894025,-0.11623690069730704,0.3335070322180972,0.2612881928928093,1
593,24,576,0.16089827626840109,0.34803030979315963,-0.08203271515150037,0.06202544789586628,0.21667881871366668,1
604,24,576,0.3597590803789596,0.5456712484254899,-0.03895763592380616,0.4297791702688517,0.46632465070837903,1
609,24,576,0.17761436177857426,0.371332135811193,-0.11630838480131286,0.22207119007370113,0.2195156241650693,1
615,24,576,0.11174434873585899,0.24425602512212075,-0.06161072700180941,0.29021443541339376,0.17066145921126008,1
616,24,576,0.31427250104025006,0.5097558572599693,-0.10750032888932361,0.0003057668838515326,0.49305729079060256,1
617,24,576,0.3047646778739161,0.5036602265035109,-0.17060795509152943,0.2604404862321803,0.41185069425652426,1
621,24,576,0.1378048153839902,0.2699346296451799,-0.07606292539922935,0.21571982322872407,0.22636631913095093,1
625,24,576,0.142560358857736,0.3495416775331792,-0.04943685386226409,0.4418230387609783,0.17205902667612666,1
629,24,576,0.21626412880141288,0.3366581466233358,-0.0499760354998418,0.41387157735014835,0.3111475705065661,1
630,24,576,0.10339309581710647,0.21298588806700258,-0.015571844363067713,0.14897790840127334,0.12577083256069777,1
637,24,576,0.3507515201345086,0.5570176873619799,-0.13815232128318813,0.08900372114098343,0.4423802063489954,1
642,24,576,0.1453971518624005,0.30579201291652164,-0.05381246650682038,0.19373878144310885,0.23880555541189905,1
654,24,576,0.45647225003793007,0.7672486082951204,-0.20409820319360328,0.1541531261585064,0.6439600735514736,1
662,24,576,0.08034633329831802,0.1557450310501548,-0.019034744716918794,0.20397269927945616,0.10396354241594155,1
674,24,576,0.12817238662440408,0.23815717267364445,-0.06048992772331177,0.14496350709029782,0.182513889601978,1
675,24,576,0.06426848917423438,0.12004477862496711,-0.014557424635212455,0.26758195587490874,0.08534201400147544,1
683,24,576,0.3121782939932827,0.5403469331108748,-0.13736904363354874,0.36644699711903783,0.41661979340844685,1
685,24,576,0.27716717483579284,0.5572528816890198,-0.16212689655367285,0.21406480094263491,0.3657916673562593,1
689,24,576,0.42245485607741606,0.7256997257261638,-0.02905820832691259,0.47849396981499503,0.6131493086512718,1
692,24,576,0.5652239297568384,1.1639369880881139,-0.293113681461869,0.13891946937167055,0.7683281293914964,1
693,24,576,0.41863090969208216,0.6843074037068485,-0.1869769256768955,0.7888437781956641,0.47914063030232984,1
694,24,576,0.27048799886445823,0.4876580955441259,-0.13834694790421054,0.27370571906330665,0.3857673594288321,1
697,24,576,0.08471345922508691,0.2165805809883319,-0.03856523076602672,0.2896613838044315,0.10492534675480177,1
702,24,576,0.039401143950373,0.08199663967840212,-0.0134508240159145,0.3084367036025676,0.05230729185960728,1
707,24,576,0.10955938304929684,0.27813897033758245,-0.06690566861329393,0.023599167282988054,0.14469965273100469,1
711,24,576,0.23394551315707052,0.4704109928921815,-0.13330600145531613,0.021282050013779807,0.3099131945054978,1
715,24,576,0.22893449847146663,0.4834594055945576,-0.12907092705912268,0.10408104140050112,0.3689218744661452,1
745,24,576,0.1936161459630562,0.3330937709534729,-0.07334242083339228,0.22642552161480722,0.276317708271866,1
748,24,576,0.24895631616365993,0.4740924881677098,-0.11805586086120456,0.27433000248703554,0.306137150968425,1
753,24,576,0.11295540793798864,0.22362964356735718,-0.040380249032750726,0.3824340421511049,0.1579670147685748,1
756,24,576,0.12663419961204958,0.2329651604078069,-0.04608006405437158,0.3356591344068094,0.17078645783476532,1
764,24,576,0.1695324946453588,0.3317488046374609,-0.07178287213254306,0.1921321278761704,0.2274270828282978,1
772,24,576,0.10120973626099941,0.20332793206838506,-0.03268619302091085,0.3566524688307796,0.14500347204092476,1
775,24,576,0.07338989094407428,0.14344415922659623,-0.031890580239026654,0.27530366782915494,0.11447222212801636,1
776,21,504,0.1270274753711881,0.22939194071318356,-0.009266425788934742,0.31886103488531403,0.18428373167158238,1
777,24,576,0.36275097153459984,0.5256879387609187,-0.09674362941748565,0.25908000532161746,0.3810000020958897,1
796,24,576,0.056179877122607046,0.09802643569344724,-0.019059442082935776,0.5789560369945765,0.06901736173636487,1
803,24,576,0.2760660890231116,0.4686541545129591,-0.07791317929513752,0.3464102421510794,0.4053871501495855,1
806,24,576,0.1586007592526989,0.21425350023700188,0.008260802391709553,0.4999168569736734,0.22746354160416457,1
808,24,576,0.10869042543021755,0.1982978823113543,-0.0365238319694375,0.504073400629282,0.16946527641913336,1
820,24,576,0.07344313660481323,0.12424345348027485,-0.01014721878649046,0.2558562740927073,0.10372222217524217,1
821,24,576,0.11153591389302164,0.18352501704997046,-0.019055288892963693,0.5207683986613508,0.1322048622985474,1
831,19,456,0.09473894714590228,0.18953002136560362,-0.0446005780413224,0.08157950777182787,0.14229385984506002,1
836,24,576,0.3291369381865176,0.5533230433065077,-0.11865665577998799,0.16476470402071475,0.4167899293889705,1
839,24,576,0.4866245934067087,0.8856050338900074,-0.18578430531649953,0.32108927574819723,0.8081354170960063,1
847,24,576,0.28376644922213423,0.5602592694664233,-0.14467798354518083,0.14821063397546552,0.41055555413994527,1
848,24,576,0.16205310138563314,0.2822718312822821,-0.06620657534545495,0.2868526679345452,0.207314236199535,1
849,24,576,0.1610064240457076,0.27640420319245823,-0.0676112214439652,0.25404789026725083,0.22239236110666147,1
852,24,576,0.15213386678563742,0.2672511088660245,-0.03604296660503476,0.32035103305487067,0.2625156269706268,1
865,24,576,0.05782000711769797,0.08514560414281765,-0.002141298787642477,0.25629296456038264,0.08088368042242816,1
873,24,576,0.20844017994952285,0.41516589197046033,-0.1246696876284356,0.07932704455451,0.31119965081517065,1
876,24,576,0.071616942250532,0.12511739177197165,-0.023480056261178106,0.3963287095699902,0.10993923587860384,1
881,24,576,0.1512318804808375,0.34342967991904144,-0.07342246348141795,0.0905504328386676,0.2433923602414628,1
886,24,576,0.12439235474448651,0.2463858219209153,-0.06868233067345703,0.15721609650407542,0.16849999925276885,1
887,24,576,0.14933915910983664,0.29526777397618953,-0.05787374085694966,0.24066920543789438,0.21729861151996172,1
889,24,576,0.503713194707719,0.7030478345107862,-0.13496585271786898,0.397723246912,0.5623437480600033,1
895,24,576,0.049885444921932906,0.08308556259871418,-0.0023601633503050026,0.5309025769004974,0.06384375008120616,1
899,19,456,0.4905798746959159,0.7033684152735341,0.08609571974528463,0.5358075879470287,1.0922214918230708,1
902,24,576,0.19223328811737397,0.3338812599775372,-0.08416537661105394,0.17406412056646958,0.2553385400290911,1
903,24,576,0.1401320733388679,0.2103513320351318,-0.021363488165661693,0.764139970500229,0.19259201361435568,1
925,24,576,0.14317381486115563,0.29070485457861156,-0.061742505013373576,0.23033309640044797,0.20833159798833853,1
926,24,576,0.10572169572373645,0.16363705019948774,-0.039168009366322726,0.24657771635955839,0.13127430569794443,1
928,24,576,0.5303326235670183,0.6983709793739826,-0.04986528151979049,0.5112172857354158,0.7464843701778187,1
938,24,576,0.24796187781935763,0.43488618251101646,-0.09744564161842896,0.11434623239465425,0.32697222111487967,1
940,24,576,0.25357380374852156,0.5166149945387295,-0.11039506015367806,0.1444448623195519,0.3415295142137135,1
941,24,576,0.10476586082465171,0.23698538964548888,-0.03702366119735719,0.15347671272850572,0.15501041726383846,1
943,24,576,0.1012465915021797,0.17628467332906705,-0.013903752486738894,0.24395096316100373,0.146807290872352,1
945,24,576,0.045802347509177506,0.07787650555400556,-0.011318257047807694,0.610542697850581,0.060942708264014475,1
947,24,576,0.04286882037316294,0.10417439865266237,-0.02490438645246387,0.22500145915973102,0.0606649306508997,1
950,24,576,0.09371920036695276,0.15758755650565365,-0.022408307885699388,0.4394615884733093,0.11622569396341634,1
953,19,456,0.06431802097511918,0.11235265493241756,-0.01960050237871576,0.25933482293067034,0.09135307003989031,1
964,24,576,0.045810467589439616,0.08949087558105084,-0.01263682378662957,0.2919940389704837,0.05390798616119557,1
970,24,576,0.047199436974349536,0.11105284227568095,-0.01839517807820812,0.35685615578252405,0.06330902785541387,1
973,24,576,0.11274490830126321,0.28195906737899884,-0.07414739238770886,0.007089536993316381,0.16798958219199753,1
982,24,576,0.06488889262093128,0.100552538442247,-0.013169954268960282,0.47167435514671496,0.0968159725857226,1
991,24,576,0.4132100424418847,0.8522556335740555,-0.2337243678048253,0.149390953608185,0.542328123236075,1
992,24,576,0.2936011856137257,0.44032058972279814,-0.04106218009514527,0.563314115442092,0.3871597229800601,1
1000,24,576,0.13900914984858698,0.22730229872898594,-0.03907220919306079,0.21173879746876678,0.20709722129524583,1
1002,24,576,0.137998237947209,0.28712132721109396,-0.08883068131075965,0.1949732965374753,0.16869965358637273,1
1008,24,576,0.13750299190481505,0.3055153380862758,-0.08539262170799905,0.08412124321687509,0.18385590299860471,1
1009,24,576,0.12049367816911803,0.18348544046955872,-0.01616181753989723,0.4808017222612736,0.166078124816219,1
1010,24,576,0.22225520745592398,0.34615042906389254,-0.058357604197226465,0.5593684816652543,0.27846874921427417,1
1013,21,504,0.19625208565285282,0.30655477881024973,-0.08889685449973932,0.06365708771138001,0.2646428571777448,1
1014,24,576,0.2354532501194626,0.38704985139931214,-0.06669170789731045,0.1855090287204697,0.3309062519886841,1
1021,24,576,0.17052329005673528,0.2868241886298874,-0.07459550314686364,0.34034449276447487,0.2405069420993742,1
1025,24,576,0.05080646414878882,0.08248111134612719,-0.012486593293336531,0.282027706453443,0.06742187506622738,1
1026,24,576,0.16674741881433874,0.2925649008426518,-0.06550812047337079,0.2846690280086347,0.22441666743381777,1
1032,24,576,0.2589739511798446,0.5570922466394769,-0.1604729208500228,0.17031880746504424,0.34971354147678035,1
1041,24,576,0.06413454702124,0.14777257394789414,-0.014370737752566734,0.32557972966626125,0.09765972281133549,1
1045,24,576,0.21806002695423862,0.36819945334344667,-0.07599560023906331,0.399713064306664,0.26311111082193545,1
1048,24,576,0.35349413962103426,0.5402241615876424,-0.10198516763436298,0.28273490173377613,0.46974305296316743,1
1068,24,576,0.07687167741823941,0.12239714134751292,-0.013158048076244691,0.7631836459145994,0.09541666844031876,1
1071,24,576,0.22278710849220967,0.387870955069004,-0.031698745248528816,0.4792821225928299,0.3584062522277236,1
1088,24,576,0.1688443335911466,0.28962410990890447,-0.060786857528405056,0.41712861833151027,0.2190486129062871,1
1089,24,576,0.19560403992525405,0.3175281250956526,-0.04786617443379429,0.21401145541620292,0.26554687297903,1
1092,24,576,0.2708310396151824,0.47065386420164157,-0.11239837645553052,0.04784485521172488,0.37621180604522425,1
1095,24,576,0.11229656711738142,0.2350003470515679,-0.05720008182753292,0.09481984960027257,0.15440451374484432,1
1111,24,576,0.4259324353058926,0.5959912384857028,-0.16135408879361218,0.39328043435518545,0.5819826370570809,1
1126,24,576,0.09394830169104454,0.15643427495354525,-0.0038950810752188167,0.40016851799784936,0.1288420147029683,1
1133,24,576,0.06911246770889395,0.10247114152759114,0.006633183841283123,0.6427301991685201,0.08984027782248126,1
1144,24,576,0.16163845965638757,0.25445859989359143,-0.04685661129446493,0.33582846594536575,0.20101041719317436,1
1147,24,576,0.1628238431359124,0.32683741801492167,-0.08498160325042489,0.11753097204594298,0.22061631793621927,1
1166,24,576,0.025927910206115082,0.04666632886880068,-0.008468355427289175,0.5806711004463996,0.029343750120864973,1
1167,24,576,0.3527506441912717,0.6304442310207541,-0.1107836557396998,0.35452997302797506,0.48330034588515347,1
1170,24,576,0.09921041388426804,0.19597478120679385,-0.04548716202326533,0.34234817152380326,0.1328107644415771,1
1177,24,576,0.157593315312018,0.2723640007062678,-0.04649405222800043,0.24091293111252765,0.2527777781037407,1
1189,24,576,0.1421852754946384,0.21841427621289983,-0.026693309657275677,0.6511032855611407,0.1725121524779954,1
1190,24,576,0.08387723986783789,0.14339030681966955,-0.025054333033040166,0.565129516451773,0.11727430480014947,1
1191,24,576,0.11502123420036191,0.24141490066377472,-0.0523502005800967,0.1670020331909784,0.17050347152204873,1
1192,24,576,0.284868616455545,0.5048166029067463,-0.11536387654228343,0.6508526751747522,0.37547395748293233,1
1195,24,576,0.10878415341075096,0.17932038844581621,-0.05293952590889401,0.13876550566057333,0.15704861159125963,1
1200,24,576,0.22693376986879027,0.47813749428046093,-0.07992300265727358,0.39553053446291153,0.3030642349040136,1
1203,24,576,0.13459552330378857,0.19672446744468153,-0.004764800710189674,0.24939007703700322,0.17023958287770963,1
1206,24,576,0.2518211427636238,0.36562778040993477,-0.0651523119951081,0.13744843279081864,0.3295972208595938,1
1213,24,576,0.057957794025747314,0.14307389836847456,-0.026064826097960275,0.15877914051316355,0.0987569439328379,1
1215,24,576,0.05684355475629369,0.10653889344699988,-0.023581703322836094,0.7571492062713401,0.0866510414182105,1
1224,24,576,0.2457431568311424,0.4831565013959506,-0.13700147453669664,0.19061028974667293,0.3320659731915738,1
1235,24,576,0.09797315757411222,0.2055433756459225,-0.047865236824792295,0.3235938497204566,0.12952604047798863,1
1236,24,576,0.13767825690512028,0.26252635300293253,-0.06312842964608636,0.34321576365009054,0.19485590315889567,1
1237,24,576,0.2257319057179201,0.4059309043483909,-0.10964828293718812,0.059739505021353834,0.3239062508671648,1
1268,24,576,0.3856543200122865,0.7018794940366653,-0.17193220059400321,0.2598951521840923,0.514795138914552,1
1270,24,576,0.15323370655662277,0.2661902686187706,-0.0690694334722745,0.36417901570270605,0.21230381892140335,1
1274,24,576,0.0837200335226953,0.20938752172389977,-0.02706832612036831,0.09942662309240202,0.0879826385450239,1
1276,24,576,0.1464976027685528,0.26131421910448893,-0.05893181840009573,0.399628552050205,0.18435069450384212,1
1296,24,576,0.09547707560058269,0.18037983571683291,-0.03298453207955592,0.38556271390852004,0.15792708256695834,1
1307,24,576,0.24023767282617176,0.40379077915847394,-0.09401073709078547,0.05869371204625562,0.3411197915233465,1
1320,24,576,0.21990658260539123,0.42595827133539454,-0.06699473901891098,0.10194750108276551,0.294107638181433,1
1324,24,576,0.1416489092969439,0.2344431244979768,-0.03724693246961882,0.43183455176517027,0.21446527754111835,1
1325,24,576,0.2425228194333613,0.4625867141288562,-0.11391713496090637,0.4622937313846972,0.32261111128092224,1
1326,24,576,0.32767055748910123,0.56239805035665,-0.10565145943676019,0.396741321982766,0.33678125094674116,1
1327,24,576,0.25963095588506097,0.47588260571143187,-0.07544328569848505,0.1984380734917941,0.4046892366475529,1
1336,24,576,0.20268472831877363,0.3480704186000324,-0.10310589663761978,0.44261576930583335,0.3730833321994093,1
1337,24,576,0.09486107050260115,0.16064040391817985,-0.037181412406627916,0.7531507442957811,0.11631770903477445,1
1341,23,552,0.1945123054438095,0.3216949077777021,-0.034908070067024746,0.4832582960898093,0.25673369669179985,1
1344,24,576,0.13580657900699103,0.25025459436205233,-0.018210549276166905,0.29988639544114515,0.1820642346283421,1
1345,24,576,0.544207850671632,0.7996141320658271,-0.22958694145523217,0.15419701265150687,0.7412465269509185,1
1348,24,576,0.2783586422705816,0.5333464633478127,-0.13410924949372807,0.3785879527921565,0.3288906264739732,1
1349,23,552,0.02584362327647598,0.04788513150655981,-0.008109812941942095,0.3394333165431418,0.029005434762254572,1
1353,24,576,0.1188595018951067,0.3317405778422627,-0.050498469858818375,0.11814818913727465,0.16737326446066922,1
1354,24,576,0.1528031941723182,0.2832584368176017,-0.05909019356153698,0.5012762394394372,0.19343923536103425,1
1355,24,576,0.07253888761624694,0.16311106852934407,-0.01847879415274494,0.32688369256943195,0.11538194452360687,1
1357,24,576,0.37575637127479744,0.5310202309330901,-0.09876075063625143,0.3354876026809894,0.5044409706671205,1
1373,24,576,0.4168318097169201,0.6663634562628877,-0.05643568736397558,0.42807180314627846,0.5574166674373878,1
1378,24,576,0.2624058862857055,0.4943686024421204,-0.07524118399467422,0.26118405529954636,0.3799947925274157,1
1379,20,480,0.13657072195007156,0.3029333605362694,-0.08780087649356574,0.29285475193540256,0.1608979160664603,1
1380,24,576,0.11337123276381236,0.17936898188358455,-0.03455335850594565,0.177922138427555,0.1546805552174596,1
1384,24,576,0.08204816292790282,0.11914305509100873,-0.030808716669626948,0.08211011401247836,0.10041666628482442,1
1387,24,576,0.09898743329621437,0.16430867283863484,-0.03316844460399201,0.43276199271781335,0.13149479236583123,1
1388,24,576,0.24856217255971083,0.42274127220103463,-0.08840782129360984,0.4382483835674702,0.31678125187237227,1
1389,24,576,0.3637766606148539,0.6563816772647222,-0.12851305312425312,0.3414593147596564,0.44586457938162816,1
1392,24,576,0.0839447907152741,0.1843627133373046,-0.040127403306541964,0.05306108462242043,0.12697048575500958,1
1393,24,576,0.11015596595178875,0.20524977812081988,-0.05861564779964586,0.08582548290982805,0.16079340337051284,1
1395,24,576,0.2604221760153046,0.4054135268486187,-0.03269039853087937,0.1537116524310178,0.3964184017192262,1
1400,24,576,0.09236834405520414,0.1851574258084094,-0.04336596618910941,0.21990018028494707,0.13419791688728663,1
1402,24,576,6.916080942969418e-06,8.919982976194504e-05,-2.836383131843895e-08,-0.1477442894296579,3.4722223871439282e-06,0
1407,24,576,0.13374045510621121,0.2759879356256795,-0.07188578587698026,0.026436641266756822,0.17701909682040828,1
1413,24,576,0.18006113831264278,0.2909204364169745,-0.040847384189772934,0.4040829490985616,0.24847048559846976,1
1415,24,576,0.3615345179568976,0.5671844889484732,-0.117379600311526,0.5172546083822538,0.48621007207677597,1
1419,24,576,0.1457797809335817,0.3270090191327319,-0.08403806438178031,-0.08221829631318833,0.23046527535512318,1
1422,24,576,0.02418969549317909,0.041100933672304114,-0.00267183475686276,-0.006479089069498345,0.03205729170339408,1
1426,24,576,0.12572547708017132,0.23215968024937642,-0.03631968105522295,0.12329598589145963,0.19884548527706,1
1429,24,576,0.19427637908504242,0.320169830226456,-0.08767150231223139,0.39962207328811095,0.2814218762796372,1
1439,24,576,0.2251091024049351,0.3807759211540713,-0.11160633817134011,0.2896293249245656,0.313720486450216,1
1440,24,576,0.05836422508582473,0.11334339666307436,-0.013263661336774627,0.4884310696810845,0.08662499950474335,1
1443,24,576,0.09688166039349097,0.19082522193505724,-0.02132025736823885,0.24118884509219418,0.13852256851451886,1
1461,24,576,0.16381795078309047,0.291433635886325,-0.062148836027416915,0.41306995021668513,0.22461805391746262,1
1462,24,576,0.09882017843321794,0.2464460067502042,-0.06323887345691521,0.10648626543631834,0.13716493060605395,1
1469,24,576,0.15107894373229808,0.296862319985537,-0.057050225531889334,0.23566149722983587,0.23509375135310823,1
1471,24,576,0.35807537582392496,0.6231676056310166,-0.13186409355451664,0.044238420908878306,0.48276388716314816,1
1474,24,576,0.16259642103169528,0.3574118025925995,-0.07962265892678665,0.2146467119777684,0.2242048615977789,1
1478,24,576,0.06675191298644575,0.10025845155585952,-0.02339717800108095,0.3987263255174256,0.08703645872366098,1
1480,24,576,0.07590312142080317,0.1610101172311608,-0.03986392976043539,0.3906207757268483,0.10493749925970203,1
1492,24,576,0.11745154468937674,0.23246761757718012,-0.04786127958990013,0.2869332253631315,0.17305729084829283,1
1495,24,576,0.05636178595078592,0.09558489257733249,-0.015114218885881,0.31705209165763104,0.07614756955364202,1
1498,24,576,0.41973269505736727,0.6194578334548905,-0.1370327905493064,0.25745907472559326,0.6108472213769952,1
1501,24,576,0.07318540551285777,0.12421698811854906,-0.014817131398659613,0.6580532117296078,0.0841649305075407,1
1503,24,576,0.27020006668883273,0.4960109644813861,-0.08143422896844438,0.43443389318428594,0.3493871533557669,1
1507,24,576,0.2016989251003704,0.3229895442151984,-0.09369792870711535,0.21552381820506228,0.24994444228812224,1
1509,24,576,0.172593226759798,0.35737534888220174,-0.0747660031904363,0.22203094024028192,0.24738541930047278,1
1512,24,576,0.11557403041256799,0.24114747504552972,-0.05058325765033563,0.3677111160087181,0.1514340291161918,1
1520,24,576,0.22217930087612736,0.36942812492752336,-0.0696182834605376,0.7408492911832298,0.2818472170167499,1
1530,24,576,0.1353308590542939,0.25801015464768023,-0.05457156467147999,0.3075513266600648,0.21386805621700156,1
1533,24,576,0.2915966648918887,0.5479352906026731,-0.13739673397503793,0.40200904793188075,0.38745659882099265,1
1541,24,576,0.5473425679891888,1.0036010609461352,-0.1968448019017362,0.44397327938977127,0.8325781276087381,1
1547,24,576,0.19198263912565178,0.3111082819146364,-0.08037940029882723,0.37785533649855485,0.25973089993931353,1
1553,24,576,0.14421227126796213,0.34252435251557667,-0.07599069804160132,0.14365465218780882,0.20268402649607095,1
1554,24,576,0.11819749167706403,0.19409524274265175,-0.02219047110217313,0.4181537492041132,0.178038193197507,1
1556,24,576,0.10391796166853358,0.169851143313727,-0.030127124692727294,0.3059745611818071,0.13862326343466216,1
1564,24,576,0.18639985612955773,0.4201249360022575,-0.09259218304780209,0.014424351052764961,0.23662499845441845,1
1566,24,576,0.03641677523005961,0.05857628167600682,-0.014249043455088718,0.000747689542546115,0.04839583343709819,1
1568,11,264,0.08532798829290902,0.1102032419198398,-0.0038994381655797815,0.495558572658802,0.09908712141667352,1
1569,24,576,0.13273165058732653,0.21946861147835836,-0.06421421515470785,0.23553165537739618,0.170152776389538,1
1574,24,576,0.21418103562771446,0.3677675313357563,-0.11195233239171405,-0.05712999063504598,0.2775833321114381,1
1575,24,576,0.1430433407917412,0.253294329290137,-0.03855128085706383,0.21164488023650685,0.21207291705326903,1
1576,24,576,0.10697587159746844,0.3146906421590871,-0.03840143924915335,0.2834568084188237,0.11450000079478034,1
1594,24,576,0.025859273914344765,0.0757960048642433,-0.0060361129104017485,0.09888608052762016,0.033592013924135244,1
1596,24,576,0.10023959772014576,0.15535600278090567,-0.028322506392012455,0.28786288929910253,0.13593750046048728,1
1597,24,576,0.06983738345378596,0.14121319151651648,-0.02518629467037196,0.21837618593327368,0.09255729232811266,1
1598,24,576,0.25516080441755346,0.46061417050130116,-0.11818800305870052,0.0867647892179303,0.3447204860874788,1
1600,24,576,0.026818671967096936,0.04184897134182284,-0.007782278060201659,0.22135787374325855,0.03269618055492174,1
1601,24,576,0.24651168498934972,0.36637788776628627,-0.05520674374161495,0.4413619539781457,0.3276371531085008,1
1603,24,576,0.08040181515712498,0.25481112137633916,-0.05334444119620861,0.1699799959609214,0.09433159600141355,1
1605,24,576,0.0471324618887997,0.06937558038591161,-0.011546181714543814,0.1806722289421041,0.06424652739547633,1
1610,24,576,0.044089685187726796,0.12490962009986155,-0.02204529830487445,0.45187215761187205,0.05744097177780026,1
1612,24,576,0.21487497538671757,0.35238211458554736,-0.050791875248857345,0.0917383862810971,0.2869461794521663,1
1632,24,576,0.5049353640966324,0.8348887699594271,-0.1660896660371994,0.24372688857606384,0.586967017255827,1
1643,24,576,0.1188346857088618,0.22251296287349273,-0.032849768260752574,0.05547128964618264,0.14542361167776915,1
1656,24,576,0.3330067084170878,0.6120197358870332,-0.059926451248530715,0.2187621450222227,0.5197951403420625,1
1657,24,576,0.1415689734664435,0.22338778525851552,0.04478707145123432,0.2575341521140916,0.20063715404830873,1
1662,19,456,0.6716349900683813,0.9878164783603436,-0.20572788457860025,0.6667456865262311,0.8908815840749365,1
1666,19,456,0.10801104122870847,0.3818051943735475,-0.08108387204507987,0.0701137442720432,0.18198903566716532,1
1673,24,576,0.10386934540131026,0.22999656481101693,-0.0177930464140243,0.15250097270760288,0.1678489577025175,1
1674,24,576,0.14168129369823468,0.26119614503124194,-0.04750968991882271,0.2400906708245889,0.21363368115594816,1
1675,24,576,0.3942259090900835,0.6131123918495963,-0.08095515961758792,0.4424006585575544,0.596824653679505,1
1676,24,576,0.23902820738860303,0.4764216994082002,-0.1029234847260846,0.3541007988344054,0.30958680666258764,1
1681,24,576,0.1862518556881696,0.345881521130803,-0.05914564200470017,0.14358988735021516,0.2512135441777193,1
1683,24,576,0.1582762836608001,0.2744502352093275,-0.05082528718695459,0.23898322564057406,0.22022395826772684,1
1684,24,576,0.22888315645589805,0.3804075186702964,-0.10688635349247812,0.10152476457751625,0.2994861115649756,1
1699,24,576,0.09677872756340851,0.14971604419438175,-0.01919419112770508,0.3813403327158851,0.1418611113007905,1
1703,24,576,0.12680898467078805,0.24019254353268168,-0.05063675012853411,0.1934195749800297,0.16288368023621538,1
1705,24,576,0.09741864216792034,0.18654505904123633,-0.042667249005818225,0.06892949222204148,0.15040451407548971,1
1706,24,576,0.09793691096516947,0.16838864611737459,-0.01602799494543837,0.3096993391033739,0.13057812520613274,1
1720,24,576,0.4164678548566169,0.7147432103271647,-0.17316704887586334,0.17985294115353578,0.5715277797102721,1
1721,24,576,0.10110982125236963,0.1748849646917782,-0.029416454703702282,0.6730226374420926,0.13510763952055843,1
1724,24,576,0.10796974779158416,0.279096420864442,-0.06927570021556069,0.1643987814617941,0.10532118059280846,0
1726,24,576,0.10968146746745333,0.1908703009098306,-0.051258047997382365,0.398306171891291,0.1531232637450254,1
1729,24,576,0.15692259736048678,0.32667651821036525,-0.06832514447160065,0.12460337060487792,0.21803125056127706,1
1735,24,576,0.039509747106219746,0.059174659825469864,-0.009279244999763452,0.18219047671994415,0.05621527756253878,1
1759,24,576,0.6144610955897305,0.8416459222535584,0.024533386031786602,0.6659035821202941,0.8487343850235144,1
1772,24,576,0.11691294162948099,0.2649630209589743,-0.03972446144972411,0.019604525245492055,0.16748958388860855,1
1779,24,576,0.19602567406319496,0.29352056564622286,-0.031576449633575976,0.3551266185318277,0.26436805418537307,1
1783,24,576,0.5186183120434483,0.7558327375248715,-0.13088530457268158,0.35591129765878415,0.6957829859521654,1
1787,24,576,0.036300342099922195,0.08010903852934999,-0.011571032800323641,0.3431064962818614,0.06626215256983414,1
1814,24,576,0.025955646712746885,0.04149368976986187,-0.0021930314703947967,0.6976462820366649,0.0306145828217268,1
1816,24,576,0.17463141767722037,0.3305002266761713,-0.061896693866906896,0.09886525196776041,0.23821875119271377,1
1820,24,576,0.06744339081665708,0.1428541866988857,-0.03050338769228094,0.14700367377511048,0.11009027773980051,1
1824,24,576,0.317064843509191,0.5688489156372496,-0.12627301731845364,0.41992581820148356,0.40577604214518537,1
1825,24,576,0.17068016637737551,0.2974557527808834,-0.04186119998080863,0.3196578087920191,0.24298784872775692,1
1832,24,576,0.4605508584774927,0.7190339179040032,-0.1916081194778801,0.3460971291087147,0.5791961784189981,1
1838,24,576,0.2559087149113313,0.4467413326751554,-0.11273475354149316,0.2874070794987651,0.37277257088054383,1
1847,24,576,0.35406237186139655,0.5985327155950676,-0.034851877820781536,0.5211439430964827,0.40633333166543806,1
1859,24,576,0.5694416417455714,0.9063140509184481,-0.23854085713780174,0.0897872709784423,0.7189010386872623,1
1863,24,576,0.11879497510381043,0.20657194559580527,-0.03661786989929775,0.3408563412195421,0.15390625023671115,1
1874,24,576,0.22025602062543234,0.419019981915336,-0.07619963995077544,0.31753108141072484,0.2630555561691936,1
1881,15,360,0.1387052536269443,0.2683952702413878,-0.07710629848038984,0.22924132552533105,0.2192194430416243,1
1906,24,576,0.6306640416280263,0.8931986641862137,-0.0662706601433456,0.45965599722706774,0.8621996554235617,1
1908,24,576,0.08366955281235278,0.14337968546127303,-0.002019660702596108,0.5691674402549634,0.12104340292151189,1
1909,24,576,0.11709062742819595,0.22486069826556296,-0.022009080010724977,0.2719585321459129,0.15374131915288874,1
1917,4,96,0.10073074374425535,0.19408054196881033,-0.021096037370928872,0.5958206237585248,0.264208330559389,1
1921,24,576,0.2947580842171899,0.6174474155655283,-0.13428786708714646,0.28711908885323634,0.3844531238492992,1
1924,24,576,0.17461332976300684,0.2716748687958882,-0.004441597576563557,0.1584095264783263,0.2805468748168399,1
1931,24,576,0.0399597050790261,0.05671348605224801,-0.010223461787164625,0.6571296191094584,0.05076562464334226,1
1935,24,576,0.2005871199653484,0.3380304873106129,-0.08921171468035835,0.20084413976061455,0.2743003473022125,1
1937,24,576,0.37039892597951823,0.6309146057422648,-0.16485844371426436,0.3326700055064885,0.45416492867904407,1
1938,24,576,0.029602129445669964,0.04830523593545818,-0.005896238564875805,0.554906803213915,0.04010069427507309,1
1948,24,576,0.3349070014470878,0.530719647482609,-0.07467934065627763,0.5578616768764648,0.42910764183357564,1
1951,24,576,0.45664710596772945,0.8217252963702016,-0.1672772502966432,0.25023624715180703,0.5318142320158787,1
1952,24,576,0.3315358958983173,0.4946720782935942,-0.039012591897820435,0.34223368773608565,0.43661632347438073,1
1959,24,576,0.2796930058522978,0.40523087616107256,-0.08059517378246205,0.19656311693417483,0.4228559018035109,1
1960,24,576,0.36318476252361304,0.5650436026952914,-0.08317429766369362,0.3963186715499649,0.42804514192458654,1
1961,24,576,0.010041047590978755,0.04105092974486583,-0.006119951704426462,0.25237132521934724,0.015366319432764107,1
1974,24,576,0.15468085215737423,0.22715349915186914,-0.05022361170914438,0.34987602947110763,0.2251510419882834,1
1976,24,576,0.2219187161535956,0.3970535679669365,-0.09096100744661978,0.10808227894704048,0.2998593736427008,1
1987,24,576,0.11293650393943405,0.20990376492689888,-0.03499790331503997,0.3160006805710093,0.1609756949280078,1
1992,24,576,0.07534125512595186,0.17615039428818832,-0.04630877426825464,0.22589085752833526,0.12240277765603322,1
1994,24,576,0.24982857608443332,0.4739584548559278,-0.10528905459472702,0.19391254680229764,0.33824131848652744,1
2002,24,576,0.17151745062114465,0.32239328612211465,-0.03413445042032334,0.3630344551057706,0.2505711817389561,1
2005,24,576,0.08670288520968622,0.15003725402368256,-0.01912102134277423,0.27490436986164746,0.10998611040930781,1
2007,24,576,0.2922306538611237,0.47292130576078456,-0.11703705340106454,0.2509531646834582,0.38376388685881263,1
2013,24,576,0.17810515763186333,0.35011118599206376,-0.07876341460117449,0.20048057897634297,0.2112656255226789,1
2018,24,576,0.15227225759816873,0.2822029673051266,-0.051057821159095816,0.16443144276171684,0.1905069440351023,1
2022,24,576,0.02881391100688941,0.07793304314440036,-0.011698729358613491,0.03481312195641406,0.043699652480427176,1
2029,24,576,0.049987290183910064,0.08832074897416337,-0.013531335086251298,0.21471158989342032,0.08235243068904513,1
2031,24,576,0.15995548131306553,0.3186830319211124,-0.08493463049591002,0.05650527239392489,0.25517708220933044,1
2033,24,576,0.1037188216060814,0.26247136048960673,-0.053032988449558616,0.22400534317970588,0.1482048608466155,1
2034,24,576,0.07437171534790347,0.13320087037818945,-0.021146902853312593,0.5540081766408858,0.09372048543041779,1
2036,24,576,0.09490074507711041,0.18961558184916535,-0.049959403792551406,0.08636932263165986,0.13727604151871572,1
2052,24,576,0.07711625887976778,0.1653465349003942,-0.02788935651106941,0.3537140094884046,0.13136284752262226,1
2054,24,576,0.1170633151066593,0.22309352533721952,-0.03299026681472444,0.2531833006599681,0.1818715284914813,1
2067,24,576,0.12521418636768228,0.19688217767452484,-0.006582768866792321,0.30979866483809804,0.1889253482222557,1
2090,24,576,0.25961754716829294,0.3408990071036956,-0.07454599996304347,0.38277596342682507,0.3463680565991025,1
2097,24,576,0.2744669117188702,0.4193625827891664,-0.08517323969863355,0.4708007421651331,0.3758906264297871,1
2102,24,576,0.36267612053133136,0.614957996386791,-0.15578128535869634,0.2716847703463643,0.5068854170256398,1
2103,24,576,0.23473455140224864,0.4179531530694696,-0.13079580018853043,0.2103220933935951,0.29917361187270014,1
2108,19,456,0.08294212760959278,0.12008780615050067,-0.01509240709179849,0.511602811205303,0.11319078939656417,1
2122,24,576,0.2118028807389136,0.42838860219854213,-0.08876889118174505,0.2266767387038635,0.26797743240604177,1
2123,24,576,0.30220627912462483,0.5211236672123699,-0.09838230639838406,0.28368322781807187,0.3900815971250672,1
2124,24,576,0.06873250817362633,0.11738608430300153,-0.014889029139238927,0.2931052309452199,0.08042013980189545,1
2127,24,576,0.1047276303676578,0.496968534506934,-0.08209542790427804,0.27903105193186906,0.18044270737381238,1
2128,24,576,0.07921396408023106,0.15124375552800154,-0.02754066310202082,0.16756231188677007,0.1045086805566421,1
2131,24,576,0.08446149572005703,0.14057049198381177,-0.02700690767313871,0.22473625831521382,0.12047916776241942,1
2136,24,576,0.16527904712388086,0.25872800528877693,-0.012012999530674683,0.23681060879673455,0.23151909679614213,1
2138,24,576,0.0979841856751591,0.15506550703499342,-0.03477411916375988,0.36367282518392385,0.13879861188535061,1
2147,24,576,0.098837645627403,0.1694779234167823,-0.03301617810373298,0.4476746075605541,0.12738541640444762,1
2148,24,576,0.1924685823614709,0.42187168733960656,-0.11880530998395342,0.14265586889297366,0.2670312513105778,1
2149,24,576,0.22448557376628742,0.3696936324625042,-0.06413013830185971,0.37047167038848294,0.30477777587172267,1
2152,24,576,0.20865393849089742,0.3765476341196928,-0.09449833758278853,0.11099774418425323,0.2932013903240052,1
2156,24,576,0.09065989584067008,0.1408387632534532,-0.030046347185917612,0.3323476502397704,0.10757465280928752,1
2159,24,576,0.11979240842629224,0.23205766003318393,-0.011311494163237512,0.10440011704984076,0.19312499912403938,1
2160,24,576,0.07747717722991689,0.16492334638600817,-0.025818577204417024,0.5463461585980266,0.09137673591936214,1
2161,24,576,0.11030722321528527,0.20119864924364317,-0.047638319303385086,0.4765301221610987,0.15144270875801644,1
2169,24,576,0.08215931845350294,0.1823709467532898,-0.02136833852273412,0.4256476749781315,0.13367534725693986,1
2173,24,576,0.2196126575064328,0.36336190247558187,-0.08956948367671834,0.411330822855587,0.3011250000498775,1
2174,24,576,0.16129071202077386,0.28197525623054476,-0.043127246162233256,0.3584705381879616,0.23998263892200258,1
2179,24,576,0.10297269745044307,0.22802514183166323,-0.05175724741356033,0.09342728920939947,0.13572222223046992,1
2180,24,576,0.15056804150420552,0.29318461045883654,-0.055689664020772196,0.43009671248988124,0.19158159908773895,1
2187,24,576,0.18486231694825822,0.3322416832924391,-0.06377275608893898,0.1368896485792762,0.27436805605086395,1
2193,24,576,0.16452840857891715,0.35122594046031624,-0.06213424219014188,0.0834951493376157,0.1957586801824315,1
2197,19,456,0.09131160049225416,0.15869566694175657,-0.0018316415432644518,0.4077794934726814,0.13723026280569142,1
2198,24,576,0.1429773672716692,0.2545692740439659,-0.04050620286984162,0.6259137810951176,0.18483680782891396,1
2206,24,576,0.5608397234334714,0.773599123420709,-0.11156239893494381,0.6661353033024835,0.7563020756675137,1
2209,24,576,0.2500458210189309,0.44374352692438684,-0.0893462788210147,0.0497024091329894,0.398178817005828,1
2210,24,576,0.09160138086493437,0.17615624913881786,-0.020300636410764936,0.20029107186589024,0.11833680578274652,1
2213,24,576,0.09737692909160008,0.17796934359380265,-0.038224318827916354,0.12191161414950369,0.11906249982874012,1
2215,24,576,0.05296992803879322,0.07801184075046386,-0.009800672948080723,0.5317546645261626,0.06397916693357628,1
2221,24,576,0.09356354283712183,0.13815873732086043,-0.023649235275418807,0.39394041478210984,0.11922048564237128,1
2230,24,576,0.13543607245406342,0.25508895587151664,-0.04690730799403456,0.5424696130668056,0.27460590251980144,1
2232,24,576,0.17057088919035676,0.24887614537288166,-0.023618762782360945,0.18240838805680426,0.25886458405552226,1
2234,24,576,0.09933425594095348,0.2664984110630585,-0.04804002145667457,0.14774501356067438,0.13622569534022155,1
2239,24,576,0.16932026607294878,0.389448843754954,-0.09499941880090369,0.07534317537820145,0.2158142347406182,1
2246,24,576,0.45891688236345846,0.6363013941427197,-0.13983169922398198,0.30289984549264004,0.6224843831732869,1
2247,24,576,0.07432068624378492,0.11380599671454669,0.008179377648048103,0.30868597592106617,0.10941493006733556,1
2259,24,576,0.2468814011145797,0.39603962093133005,-0.09293356843085752,0.16944430778391018,0.31405555402549606,1
2260,24,576,0.1825010866806325,0.3638062424635329,-0.10247610302435027,0.09352689108431389,0.21975173691235897,1
2269,24,576,0.19107765498079565,0.427432184648824,-0.13220334249005342,0.038091957537338406,0.23350868090185234,1
2273,24,576,0.17753652969582212,0.3281902046560171,-0.09278876813025111,0.2472802593528589,0.24946701482662725,1
2286,24,576,0.11222048731805342,0.25715167588606563,-0.06359924632771355,0.10019108522740694,0.1605190972267236,1
2288,24,576,0.23473447328433394,0.5512221230161426,-0.051199092659064464,0.25653430363346674,0.38101909638175535,1
2290,24,576,0.3603990798195203,0.575798052651825,-0.10362096627553304,0.40165671700881145,0.48352083853549427,1
2292,24,576,0.1294904512841539,0.21580965530247734,-0.03823632118453841,0.1955276875195998,0.16989756940812287,1
2294,24,576,0.0064631747728627585,0.009232959751923678,0.0030487653695874745,-0.02539173331354183,0.00825694404516576,1
2296,24,576,0.06907735930548774,0.12403536851237022,-0.014938545659080975,0.25294218936674584,0.09140625016880222,1
2298,24,576,0.03667744491596952,0.04944817408146836,-0.004330715048531096,0.38459216371609783,0.04408680549709566,1
2306,24,576,0.04305936233140528,0.07059317966847393,-0.0028587826915706196,0.3423399722257493,0.04456076397521732,1
2308,24,576,0.22505498118698597,0.49292320409272705,-0.15238778005974987,-0.13830005036358273,0.34594965228138286,1
2313,24,576,0.14866159369962084,0.20963758319397746,-0.03720716661256221,0.10611238331648543,0.21140798648896938,1
2317,24,576,0.12621205948784742,0.24516065668807002,-0.07149512984970999,0.04690509617213556,0.15917708275891426,1
2326,24,576,0.4516283254035645,0.6372804959926018,-0.04781216010451317,0.29802508263950456,0.6519340223943194,1
2334,24,576,0.02334593467013393,0.04662758459238606,0.008545784134184942,0.28499471772454565,0.04098090213341897,1
2337,24,576,0.23215488555272007,0.3838366064649903,-0.09312075915901612,0.1506062138351898,0.28278992996395874,1
2349,24,576,0.06893989220002873,0.09025351409667359,0.004375421066975428,0.40336978169711324,0.08914583257865161,1
2351,24,576,0.14419637264735582,0.2137325699664203,-0.0210593480280497,0.3812502722557205,0.1840104157001608,1
2356,24,576,0.11003293194031964,0.21231694772925874,-0.03634636635736873,0.18388209561997026,0.15596875030961302,1
2363,24,576,0.3363005204850601,0.5556871680681649,-0.061553612196197115,0.48644851038551973,0.40098437122328,1
2372,24,576,0.2613823183087839,0.5474989763339999,-0.13384426592124832,0.05392931520447508,0.38534548557880854,1
2373,24,576,0.14997742555311155,0.27670803487328277,-0.05388704704172495,0.35847417024437556,0.1987708338872633,1
2376,19,456,0.3540424608315031,0.7199233155994458,-0.15217644722903506,0.14356312073039457,0.47575438677807125,1
2378,24,576,0.22254435694776475,0.3578572374174145,-0.04497427485572795,0.160993948194869,0.29442013846710324,1
2379,24,576,0.11843077682230312,0.27762221518181707,-0.050357970845652744,0.20707667008671637,0.16650347253501727,1
2380,24,576,0.3853727594509514,0.5655842431519498,-0.10427823648529334,0.14538142000449028,0.4985763871162716,1
2382,24,576,0.19492641149554402,0.3271878251237,-0.053974446025677025,0.15501595019813674,0.30166666565411204,1
2384,24,576,0.23503821464772853,0.4187734118095432,-0.13015602309153312,0.22397885885601565,0.3309149308802767,1
2386,24,576,0.3306237383771481,0.5871026453020718,-0.19361794976672778,-0.05232718611186615,0.49348958403182525,1
2389,24,576,0.18408434592290884,0.2647546651856944,-0.019554181722924113,0.48014310535908444,0.2077291663736105,1
2393,24,576,0.07486371918477946,0.13025797420156585,-0.02156164798523403,0.5434158341268109,0.08113194456543876,1
2404,24,576,0.033680842192956736,0.09110377653687633,-0.018240809391702188,-0.0017021583712606425,0.04716840278928834,1
2410,24,576,0.09842195285212559,0.17728890153735807,-0.03334772593613403,0.3982872860569979,0.13499652858202657,1
2411,24,576,0.5223690664085249,0.8173286241408659,-0.06931840902608302,0.636817377209279,0.6486597161533104,1
2422,24,576,0.2070860796763251,0.3622985016870841,-0.05803108926758998,0.21657129553142807,0.32718576439138913,1
2423,24,576,0.05386058105311046,0.08570418640818835,-0.016372136732873816,0.5527359743516165,0.0713715275697824,1
2428,24,576,0.06520857304470458,0.13980047584050903,-0.03260970766778984,0.3389052667368049,0.0788489585425446,1
2432,24,576,0.08909628222075601,0.2146211912663685,-0.047742682974785566,0.16422662938152566,0.12705729136036503,1
2434,24,576,0.07972764677833766,0.17049893039100045,-0.0282371069640956,0.30074271960719234,0.12396180484857824,1
2435,24,576,0.5866391420778301,0.8013426398457199,-0.1584850133707126,0.5252047098573642,0.7918402732660373,1
2436,24,576,0.21977663217047747,0.3797549308359616,-0.0978600328898109,0.3821033635801394,0.2848940963966824,1
2438,24,576,0.02793250387670317,0.05341957974710043,-0.005854797476786189,0.2512240822572793,0.05521527783760879,1
2441,18,432,0.11573971973525153,0.28198278821810707,-0.04548236896732339,0.4036558548651208,0.19190046130852015,1
2445,24,576,0.049691922648990944,0.09786923985165441,-0.010226165633260583,0.2640154166837505,0.06643402768531814,1
2449,24,576,0.0395840450655669,0.06437805404677703,-0.015193895669654012,0.03131815361428503,0.05852256906736228,1
2454,24,576,0.21289422013796866,0.3645226517583032,-0.04411109694693652,0.5755488495909784,0.2455607644515112,1
2455,24,576,0.13882001803722233,0.23702927143182242,-0.021492984210554924,0.25475684469903037,0.18562673706199145,1
2457,24,576,0.14641320420843032,0.2822210813628469,-0.06093351480861505,0.5177189860308953,0.15874305536918756,1
2462,24,576,0.1659543458889756,0.27726006401186737,-0.04120741805268659,0.50684647687897,0.18844444641015595,1
2464,24,576,0.1382909322144567,0.24638724408843418,-0.0234333359856262,0.32270465723842834,0.17681423709210423,1
2475,24,576,0.40284854381914353,0.6737826012281743,-0.16911383763524807,0.34766392232989696,0.5167500014132302,1
2476,24,576,0.03428767550374485,0.06819829596565571,-0.014504775379060043,0.2649458985828548,0.052282985713746816,1
2477,24,576,0.1015190218264858,0.13973026276229186,-0.006303441245108843,0.46899127705907473,0.14330208112692666,1
2482,24,576,0.09642702700673705,0.20105506100007908,-0.044471227693267994,0.23013888464301002,0.15088888914841744,1
2487,24,576,0.04559968807411173,0.06996255948246113,0.0008239823089550353,0.7240796045070261,0.05632986107634173,1
2489,24,576,0.11075432195017736,0.21274501618104585,-0.05981811130833295,0.2269694989773775,0.1319826383712805,1
2490,24,576,0.0819656921731722,0.1738680375923153,-0.03871429203233371,0.42360181076597614,0.11827430519689289,1
2494,24,576,0.15617077657952905,0.269167506121254,-0.06314887771279448,0.2906049440372953,0.2082447921533862,1
