profile,household_index,origin_index,timestamp_utc,horizon_step,actual_kwh,q10_kwh,median_kwh,q90_kwh,seasonal_naive_kwh
p10,796,7834,2013-11-23T10:00:00,1,0.05999999865889549,0.026515066623687744,0.07409173250198364,0.23925991356372833,0.041999999433755875
p10,796,7834,2013-11-23T11:00:00,2,0.028999999165534973,0.024007648229599,0.09662635624408722,0.3112678527832031,0.004999999888241291
p10,796,7834,2013-11-23T12:00:00,3,0.14900000393390656,0.040016546845436096,0.17393843829631805,0.3583301603794098,0.039000000804662704
p10,796,7834,2013-11-23T13:00:00,4,0.1679999977350235,0.07119855284690857,0.22678712010383606,0.36154478788375854,0.33000001311302185
p10,796,7834,2013-11-23T14:00:00,5,0.335999995470047,0.08971487730741501,0.21810758113861084,0.3575586676597595,0.1850000023841858
p10,796,7834,2013-11-23T15:00:00,6,0.13099999725818634,0.12229524552822113,0.21624308824539185,0.3724745810031891,0.15399999916553497
p10,796,7834,2013-11-23T16:00:00,7,0.20800000429153442,0.16263897716999054,0.2753281593322754,0.4147792458534241,0.2160000056028366
p10,796,7834,2013-11-23T17:00:00,8,0.2849999964237213,0.23064467310905457,0.34637171030044556,0.45541226863861084,0.3799999952316284
p10,796,7834,2013-11-23T18:00:00,9,0.4009999930858612,0.2784785032272339,0.39279109239578247,0.5014458894729614,0.41999998688697815
p10,796,7834,2013-11-23T19:00:00,10,0.4350000023841858,0.2664557695388794,0.3791610300540924,0.5526229739189148,0.3269999921321869
p10,796,7834,2013-11-23T20:00:00,11,0.26600000262260437,0.24581778049468994,0.3517723083496094,0.5654815435409546,0.28200000524520874
p10,796,7834,2013-11-23T21:00:00,12,0.3409999907016754,0.2562974989414215,0.3997347354888916,0.5191907286643982,0.4580000042915344
p10,796,7834,2013-11-23T22:00:00,13,0.3580000102519989,0.12419188767671585,0.28580790758132935,0.4035922884941101,0.20999999344348907
p10,796,7834,2013-11-23T23:00:00,14,0.18199999630451202,0.014363721013069153,0.041173823177814484,0.20512044429779053,0.013000000268220901
p10,796,7834,2013-11-24T00:00:00,15,0.032999999821186066,0.010891914367675781,0.021114468574523926,0.05525393784046173,0.03500000014901161
p10,796,7834,2013-11-24T01:00:00,16,0.02199999988079071,0.0076772719621658325,0.01680685579776764,0.041688159108161926,0.0
p10,796,7834,2013-11-24T02:00:00,17,0.010999999940395355,0.007805854082107544,0.017642661929130554,0.04316689819097519,0.03500000014901161
p10,796,7834,2013-11-24T03:00:00,18,0.032999999821186066,0.008963137865066528,0.019442856311798096,0.045288555324077606,0.007000000216066837
p10,796,7834,2013-11-24T04:00:00,19,0.0,0.009863227605819702,0.021371640264987946,0.05049627274274826,0.03700000047683716
p10,796,7834,2013-11-24T05:00:00,20,0.041999999433755875,0.006520003080368042,0.025614961981773376,0.07974949479103088,0.026000000536441803
p10,796,7834,2013-11-24T06:00:00,21,0.0,-0.0018380582332611084,0.021885983645915985,0.21952202916145325,0.00800000037997961
p10,796,7834,2013-11-24T07:00:00,22,0.03400000184774399,0.02645076811313629,0.16876286268234253,0.3983202576637268,0.03400000184774399
p10,796,7834,2013-11-24T08:00:00,23,0.32600000500679016,0.09887659549713135,0.2460106611251831,0.3804468810558319,0.27900001406669617
p10,796,7834,2013-11-24T09:00:00,24,0.20600000023841858,0.04239538311958313,0.12714935839176178,0.28940826654434204,0.1340000033378601
p10,796,7834,2013-11-24T10:00:00,25,0.07000000029802322,0.027157992124557495,0.08916838467121124,0.28207892179489136,0.07100000232458115
p10,796,7834,2013-11-24T11:00:00,26,0.024000000208616257,0.02992258220911026,0.1381554752588272,0.35408681631088257,0.027000000700354576
p10,796,7834,2013-11-24T12:00:00,27,0.07500000298023224,0.050174809992313385,0.19184397161006927,0.3558870553970337,0.04600000008940697
p10,796,7834,2013-11-24T13:00:00,28,0.33500000834465027,0.07049133628606796,0.21637168526649475,0.35292956233024597,0.1469999998807907
p10,796,7834,2013-11-24T14:00:00,29,0.30000001192092896,0.08723960816860199,0.21283558011054993,0.35910165309906006,0.289000004529953
p10,796,7834,2013-11-24T15:00:00,30,0.27300000190734863,0.11404970288276672,0.20839937031269073,0.3830186128616333,0.13500000536441803
p10,796,7834,2013-11-24T16:00:00,31,0.2029999941587448,0.1514158695936203,0.26240530610084534,0.43355274200439453,0.3610000014305115
p10,796,7834,2013-11-24T17:00:00,32,0.26899999380111694,0.21540728211402893,0.33312737941741943,0.4798435568809509,0.2639999985694885
p10,796,7834,2013-11-24T18:00:00,33,0.32899999618530273,0.27063480019569397,0.38751909136772156,0.5191907286643982,0.3109999895095825
p10,796,7834,2013-11-24T19:00:00,34,0.4449999928474426,0.2617623805999756,0.37466055154800415,0.5317921042442322,0.4189999997615814
p10,796,7834,2013-11-24T20:00:00,35,0.24199999868869781,0.24356752634048462,0.3468860387802124,0.5330779552459717,0.2630000114440918
p10,796,7834,2013-11-24T21:00:00,36,0.43799999356269836,0.2503182888031006,0.38841918110847473,0.4973312020301819,0.4350000023841858
p10,796,7834,2013-11-24T22:00:00,37,0.2639999985694885,0.10321636497974396,0.26407691836357117,0.37967538833618164,0.23499999940395355
p10,796,7834,2013-11-24T23:00:00,38,0.08900000154972076,0.013656511902809143,0.031658485531806946,0.14224611222743988,0.03700000047683716
p10,796,7834,2013-11-25T00:00:00,39,0.032999999821186066,0.010120406746864319,0.02002149075269699,0.04882466048002243,0.0010000000474974513
p10,796,7834,2013-11-25T01:00:00,40,0.012000000104308128,0.00742010772228241,0.015392407774925232,0.04033801704645157,0.035999998450279236
p10,796,7834,2013-11-25T02:00:00,41,0.029999999329447746,0.00793445110321045,0.01732119917869568,0.04265255481004715,0.0
p10,796,7834,2013-11-25T03:00:00,42,0.03200000151991844,0.008705958724021912,0.01950715482234955,0.045159973204135895,0.0430000014603138
p10,796,7834,2013-11-25T04:00:00,43,0.003000000026077032,0.00973464548587799,0.021371640264987946,0.057375602424144745,0.0
p10,796,7834,2013-11-25T05:00:00,44,0.11699999868869781,0.004462629556655884,0.033072926104068756,0.13599765300750732,0.035999998450279236
p10,796,7834,2013-11-25T06:00:00,45,0.032999999821186066,0.06997699290513992,0.24620354175567627,0.3994775414466858,0.0020000000949949026
p10,796,7834,2013-11-25T07:00:00,46,0.2029999941587448,0.11019213497638702,0.2665843367576599,0.37067437171936035,0.1720000058412552
p10,796,7834,2013-11-25T08:00:00,47,0.22699999809265137,0.07704919576644897,0.18432171642780304,0.30278119444847107,0.22300000488758087
p10,796,7834,2013-11-25T09:00:00,48,0.050999999046325684,0.028572432696819305,0.0684339627623558,0.18862932920455933,0.12200000137090683
p10,796,7834,2013-11-25T10:00:00,49,0.08100000023841858,0.023686178028583527,0.05197501182556152,0.1859290450811386,0.054999999701976776
p10,796,7834,2013-11-25T11:00:00,50,0.054999999701976776,0.021628811955451965,0.10855266451835632,0.3112678527832031,0.18799999356269836
p10,796,7834,2013-11-25T12:00:00,51,0.01600000075995922,0.045545727014541626,0.19158680737018585,0.34868624806404114,0.23600000143051147
p10,796,7834,2013-11-25T13:00:00,52,0.22499999403953552,0.05917580425739288,0.2004270702600479,0.33994242548942566,0.2680000066757202
p10,796,7834,2013-11-25T14:00:00,53,0.13099999725818634,0.07839934527873993,0.18502894043922424,0.3196259140968323,0.14100000262260437
p10,796,7834,2013-11-25T15:00:00,54,0.37700000405311584,0.11210484057664871,0.19142606854438782,0.33094143867492676,0.12300000339746475
p10,796,7834,2013-11-25T16:00:00,55,0.20999999344348907,0.15101805329322815,0.25893351435661316,0.3920195698738098,0.4050000011920929
p10,796,7834,2013-11-25T17:00:00,56,0.2619999945163727,0.22035783529281616,0.3171827793121338,0.4314953684806824,0.2240000069141388
p10,796,7834,2013-11-25T18:00:00,57,0.3089999854564667,0.2680630683898926,0.3764607310295105,0.5081323385238647,0.36000001430511475
p10,796,7834,2013-11-25T19:00:00,58,0.5,0.2634339928627014,0.38494735956192017,0.4957881569862366,0.42800000309944153
p10,796,7834,2013-11-25T20:00:00,59,0.2619999945163727,0.2267228066921234,0.31383955478668213,0.4963024854660034,0.23199999332427979
p10,796,7834,2013-11-25T21:00:00,60,0.3240000009536743,0.25822627544403076,0.3944627046585083,0.4896160364151001,0.44999998807907104
p10,796,7834,2013-11-25T22:00:00,61,0.39100000262260437,0.12411151826381683,0.27108484506607056,0.3753034472465515,0.25999999046325684
p10,796,7834,2013-11-25T23:00:00,62,0.11800000071525574,0.012563526630401611,0.030244044959545135,0.12640999257564545,0.00800000037997961
p10,796,7834,2013-11-26T00:00:00,63,0.0,0.01024898886680603,0.020214371383190155,0.0471530482172966,0.035999998450279236
p10,796,7834,2013-11-26T01:00:00,64,0.03200000151991844,0.00742010772228241,0.015135243535041809,0.039887964725494385,0.0
p10,796,7834,2013-11-26T02:00:00,65,0.0,0.00793445110321045,0.017385482788085938,0.04252396523952484,0.035999998450279236
p10,796,7834,2013-11-26T03:00:00,66,0.03400000184774399,0.008834540843963623,0.01963573694229126,0.04496709257364273,0.013000000268220901
p10,796,7834,2013-11-26T04:00:00,67,0.007000000216066837,0.00973464548587799,0.021628811955451965,0.05731131136417389,0.029999999329447746
p10,796,7834,2013-11-26T05:00:00,68,0.03400000184774399,0.004591226577758789,0.034487366676330566,0.13633519411087036,0.04100000113248825
p10,796,7834,2013-11-26T06:00:00,69,0.0,0.07164860516786575,0.24890384078025818,0.39613431692123413,0.32899999618530273
p10,796,7834,2013-11-26T07:00:00,70,0.3540000021457672,0.10819905996322632,0.2654913663864136,0.3686169981956482,0.23499999940395355
p10,796,7834,2013-11-26T08:00:00,71,0.1720000058412552,0.06939835846424103,0.17962834239006042,0.29609474539756775,0.13500000536441803
p10,796,7834,2013-11-26T09:00:00,72,0.11699999868869781,0.02760804444551468,0.06592654436826706,0.17953190207481384,0.029999999329447746
p10,796,7834,2013-11-26T10:00:00,73,0.05000000074505806,0.023429006338119507,0.05036769062280655,0.17956405878067017,0.04100000113248825
p10,796,7834,2013-11-26T11:00:00,74,0.04399999976158142,0.020085781812667847,0.10180191695690155,0.3032955527305603,0.007000000216066837
p10,796,7834,2013-11-26T12:00:00,75,0.14499999582767487,0.042331092059612274,0.18817928433418274,0.3465002775192261,0.1720000058412552
p10,796,7834,2013-11-26T13:00:00,76,0.13099999725818634,0.05563969910144806,0.19914120435714722,0.33724212646484375,0.16500000655651093
p10,796,7834,2013-11-26T14:00:00,77,0.27900001406669617,0.07164860516786575,0.18377523124217987,0.3156397342681885,0.13099999725818634
p10,796,7834,2013-11-26T15:00:00,78,0.19499999284744263,0.10649529099464417,0.1873113363981247,0.3238692283630371,0.1979999989271164
p10,796,7834,2013-11-26T16:00:00,79,0.2770000100135803,0.14213359355926514,0.24935388565063477,0.385204553604126,0.30799999833106995
p10,796,7834,2013-11-26T17:00:00,80,0.2669999897480011,0.21007098257541656,0.3108820915222168,0.4255804419517517,0.2809999883174896
p10,796,7834,2013-11-26T18:00:00,81,0.289000004529953,0.25944784283638,0.3673311471939087,0.5014458894729614,0.2939999997615814
p10,796,7834,2013-11-26T19:00:00,82,0.45500001311302185,0.2604122459888458,0.38597607612609863,0.4921877384185791,0.4569999873638153
p10,796,7834,2013-11-26T20:00:00,83,0.2409999966621399,0.22138652205467224,0.30882471799850464,0.4883301854133606,0.25999999046325684
p10,796,7834,2013-11-26T21:00:00,84,0.42500001192092896,0.2527613937854767,0.39111948013305664,0.4885873794555664,0.3330000042915344
p10,796,7834,2013-11-26T22:00:00,85,0.2549999952316284,0.11666963249444962,0.26851314306259155,0.3713173270225525,0.36000001430511475
p10,796,7834,2013-11-26T23:00:00,86,0.04600000008940697,0.012177765369415283,0.03005116432905197,0.1229703277349472,0.0820000022649765
p10,796,7834,2013-11-27T00:00:00,87,0.02500000037252903,0.01024898886680603,0.020214371383190155,0.046960167586803436,0.03400000184774399
p10,796,7834,2013-11-27T01:00:00,88,0.026000000536441803,0.00742010772228241,0.015135243535041809,0.03982367366552353,0.010999999940395355
p10,796,7834,2013-11-27T02:00:00,89,0.007000000216066837,0.00793445110321045,0.0175783634185791,0.04252396523952484,0.024000000208616257
p10,796,7834,2013-11-27T03:00:00,90,0.03400000184774399,0.008834540843963623,0.01963573694229126,0.04496709257364273,0.017000000923871994
p10,796,7834,2013-11-27T04:00:00,91,0.007000000216066837,0.00973464548587799,0.021885983645915985,0.058275699615478516,0.017000000923871994
p10,796,7834,2013-11-27T05:00:00,92,0.11900000274181366,0.004205465316772461,0.03468024730682373,0.14054234325885773,0.09300000220537186
p10,796,7834,2013-11-27T06:00:00,93,0.210999995470047,0.07242012023925781,0.25166842341423035,0.39677727222442627,0.2919999957084656
p10,796,7834,2013-11-27T07:00:00,94,0.35199999809265137,0.10549876093864441,0.2647198438644409,0.36784547567367554,0.36399999260902405
p10,796,7834,2013-11-27T08:00:00,95,0.22100000083446503,0.06631229817867279,0.1780853271484375,0.2941659688949585,0.17900000512599945
p10,796,7834,2013-11-27T09:00:00,96,0.09399999678134918,0.02773662656545639,0.06547649204730988,0.17811746895313263,0.024000000208616257
p10,796,7834,2013-11-27T10:00:00,97,0.035999998450279236,0.024007648229599,0.04985334724187851,0.1743563413619995,0.04500000178813934
p10,796,7834,2013-11-27T11:00:00,98,0.03700000047683716,0.01970002055168152,0.09556552022695541,0.29493746161460876,0.06400000303983688
p10,796,7834,2013-11-27T12:00:00,99,0.08799999952316284,0.03930933028459549,0.18332518637180328,0.3454716205596924,0.3319999873638153
p10,796,7834,2013-11-27T13:00:00,100,0.12800000607967377,0.05416096746921539,0.19904476404190063,0.33839941024780273,0.3050000071525574
p10,796,7834,2013-11-27T14:00:00,101,0.21899999678134918,0.07023416459560394,0.18525396287441254,0.3183400630950928,0.14800000190734863
p10,796,7834,2013-11-27T15:00:00,102,0.17000000178813934,0.10447007417678833,0.1883721649646759,0.32592660188674927,0.16200000047683716
p10,796,7834,2013-11-27T16:00:00,103,0.20399999618530273,0.13887475430965424,0.24806803464889526,0.384047269821167,0.34700000286102295
p10,796,7834,2013-11-27T17:00:00,104,0.3009999990463257,0.205891951918602,0.31011056900024414,0.42223721742630005,0.2809999883174896
p10,796,7834,2013-11-27T18:00:00,105,0.33500000834465027,0.25469017028808594,0.3633449971675873,0.49321645498275757,0.31700000166893005
p10,796,7834,2013-11-27T19:00:00,106,0.3919999897480011,0.25681185722351074,0.384047269821167,0.4911590814590454,0.4410000145435333
p10,796,7834,2013-11-27T20:00:00,107,0.25600001215934753,0.21778611838817596,0.3067673444747925,0.48627281188964844,0.2540000081062317
p10,796,7834,2013-11-27T21:00:00,108,0.41999998688697815,0.24890384078025818,0.3897050619125366,0.4885873794555664,0.414000004529953
p10,796,7834,2013-11-27T22:00:00,109,0.2290000021457672,0.1147729903459549,0.2680630683898926,0.3710601329803467,0.24799999594688416
p10,796,7834,2013-11-27T23:00:00,110,0.03500000014901161,0.012049183249473572,0.02966541051864624,0.12454549968242645,0.07699999958276749
p10,796,7834,2013-11-28T00:00:00,111,0.0,0.01024898886680603,0.02027866244316101,0.0471530482172966,0.03200000151991844
p10,796,7834,2013-11-28T01:00:00,112,0.03500000014901161,0.00742010772228241,0.015199527144432068,0.039887964725494385,0.004000000189989805
p10,796,7834,2013-11-28T02:00:00,113,0.009999999776482582,0.00793445110321045,0.017642661929130554,0.04265255481004715,0.03500000014901161
p10,796,7834,2013-11-28T03:00:00,114,0.02500000037252903,0.008963137865066528,0.01976431906223297,0.04522426426410675,0.0
p10,796,7834,2013-11-28T04:00:00,115,0.03799999877810478,0.009863227605819702,0.02220744639635086,0.05917580425739288,0.04100000113248825
p10,796,7834,2013-11-28T05:00:00,116,0.004000000189989805,0.003819704055786133,0.03468024730682373,0.14435245096683502,0.0860000029206276
p10,796,7834,2013-11-28T06:00:00,117,0.032999999821186066,0.07274158298969269,0.2540472447872162,0.39909178018569946,0.2160000056028366
p10,796,7834,2013-11-28T07:00:00,118,0.2939999997615814,0.10456651449203491,0.2641412317752838,0.36823123693466187,0.2630000114440918
p10,796,7834,2013-11-28T08:00:00,119,0.32899999618530273,0.0638691782951355,0.17602795362472534,0.29352301359176636,0.24300000071525574
p10,796,7834,2013-11-28T09:00:00,120,0.14900000393390656,0.02799379825592041,0.06438351422548294,0.17654229700565338,0.12999999523162842
p10,796,7834,2013-11-28T10:00:00,121,0.020999999716877937,0.024329110980033875,0.050046227872371674,0.17491890490055084,0.039000000804662704
p10,796,7834,2013-11-28T11:00:00,122,0.09099999815225601,0.02002149075269699,0.09604771435260773,0.2945517301559448,0.11800000071525574
p10,796,7834,2013-11-28T12:00:00,123,0.16200000047683716,0.03840923309326172,0.1817178577184677,0.34611451625823975,0.19499999284744263
p10,796,7834,2013-11-28T13:00:00,124,0.23800000548362732,0.05409666895866394,0.19920550286769867,0.34097111225128174,0.13099999725818634
p10,796,7834,2013-11-28T14:00:00,125,0.1469999998807907,0.07197006791830063,0.1869577169418335,0.3225833773612976,0.2529999911785126
p10,796,7834,2013-11-28T15:00:00,126,0.008999999612569809,0.10511299967765808,0.19132962822914124,0.33055567741394043,0.11500000208616257
p10,796,7834,2013-11-28T16:00:00,127,0.035999998450279236,0.13927657902240753,0.2497396469116211,0.3843044638633728,0.414000004529953
p10,796,7834,2013-11-28T17:00:00,128,0.01600000075995922,0.20547404885292053,0.3107534945011139,0.41966545581817627,0.27300000190734863
p10,796,7834,2013-11-28T18:00:00,129,0.0430000014603138,0.2525685131549835,0.3611590266227722,0.48627281188964844,0.2919999957084656
p10,796,7834,2013-11-28T19:00:00,130,0.3160000145435333,0.255718857049942,0.3855903148651123,0.4909018874168396,0.43799999356269836
p10,796,7834,2013-11-28T20:00:00,131,0.3580000102519989,0.21585732698440552,0.3056100606918335,0.48524415493011475,0.24699999392032623
p10,796,7834,2013-11-28T21:00:00,132,0.4519999921321869,0.2471679151058197,0.390347957611084,0.4896160364151001,0.44600000977516174
p10,796,7834,2013-11-28T22:00:00,133,0.23000000417232513,0.11777868121862411,0.27095627784729004,0.37440335750579834,0.21899999678134918
p10,796,7834,2013-11-28T23:00:00,134,0.013000000268220901,0.012177765369415283,0.029729701578617096,0.13054080307483673,0.0
p10,796,7834,2013-11-29T00:00:00,135,0.03400000184774399,0.010377570986747742,0.020407244563102722,0.04792456328868866,0.03400000184774399
p10,796,7834,2013-11-29T01:00:00,136,0.0,0.007548689842224121,0.015585288405418396,0.04046659916639328,0.0
p10,796,7834,2013-11-29T02:00:00,137,0.03400000184774399,0.008191615343093872,0.01796412467956543,0.043102607131004333,0.032999999821186066
p10,796,7834,2013-11-29T03:00:00,138,0.014000000432133675,0.009220302104949951,0.019957199692726135,0.045674316585063934,0.004999999888241291
p10,796,7834,2013-11-29T04:00:00,139,0.10499999672174454,0.010120406746864319,0.022336028516292572,0.06104028970003128,0.03400000184774399
p10,796,7834,2013-11-29T05:00:00,140,0.47600001096725464,0.0033053606748580933,0.031915657222270966,0.15828314423561096,0.019999999552965164
p10,796,7834,2013-11-29T06:00:00,141,0.28999999165534973,0.07704919576644897,0.26767730712890625,0.4188939929008484,0.4020000100135803
p10,796,7834,2013-11-29T07:00:00,142,0.257999986410141,0.10414861142635345,0.2674844563007355,0.3753034472465515,0.30000001192092896
p10,796,7834,2013-11-29T08:00:00,143,0.012000000104308128,0.06914118677377701,0.18152499198913574,0.3070245087146759,0.20900000631809235
p10,796,7834,2013-11-29T09:00:00,144,0.039000000804662704,0.02979399263858795,0.0664408877491951,0.19460856914520264,0.05299999937415123
p10,796,7834,2013-11-29T10:00:00,145,0.02500000037252903,0.025486379861831665,0.051332078874111176,0.17372947931289673,0.05000000074505806
p10,796,7834,2013-11-29T11:00:00,146,0.013000000268220901,0.02117875963449478,0.09434396028518677,0.28722232580184937,0.1589999943971634
p10,796,7834,2013-11-29T12:00:00,147,0.035999998450279236,0.037959180772304535,0.17769956588745117,0.3456001877784729,0.24400000274181366
p10,796,7834,2013-11-29T13:00:00,148,0.006000000052154064,0.05988302081823349,0.20724210143089294,0.34894341230392456,0.2759999930858612
p10,796,7834,2013-11-29T14:00:00,149,0.03799999877810478,0.08495721220970154,0.2023879885673523,0.34097111225128174,0.296999990940094
p10,796,7834,2013-11-29T15:00:00,150,0.006000000052154064,0.11482121050357819,0.21367138624191284,0.35395824909210205,0.3100000023841858
p10,796,7834,2013-11-29T16:00:00,151,0.03500000014901161,0.15189805626869202,0.2697346806526184,0.3929196894168854,0.25600001215934753
p10,796,7834,2013-11-29T17:00:00,152,0.4300000071525574,0.21842904388904572,0.32824113965034485,0.4237802028656006,0.34700000286102295
p10,796,7834,2013-11-29T18:00:00,153,0.4259999990463257,0.2584834694862366,0.37633216381073,0.4831867814064026,0.36000001430511475
p10,796,7834,2013-11-29T19:00:00,154,0.4580000042915344,0.2492895871400833,0.37954676151275635,0.5053035020828247,0.4309999942779541
p10,796,7834,2013-11-29T20:00:00,155,0.28600001335144043,0.2171431928873062,0.31808286905288696,0.5137901306152344,0.24799999594688416
p10,796,7834,2013-11-29T21:00:00,156,0.4059999883174896,0.24279600381851196,0.39381977915763855,0.4973312020301819,0.3529999852180481
p10,796,7834,2013-11-29T22:00:00,157,0.20999999344348907,0.12020573019981384,0.28182172775268555,0.38893353939056396,0.3930000066757202
p10,796,7834,2013-11-29T23:00:00,158,0.017999999225139618,0.012692108750343323,0.03275146335363388,0.17003265023231506,0.04899999871850014
p10,796,7834,2013-11-30T00:00:00,159,0.01600000075995922,0.010634750127792358,0.02092158794403076,0.05216788500547409,0.0010000000474974513
p10,796,7834,2013-11-30T01:00:00,160,0.03400000184774399,0.007805854082107544,0.016999736428260803,0.042073920369148254,0.032999999821186066
p10,796,7834,2013-11-30T02:00:00,161,0.008999999612569809,0.008320197463035583,0.018349885940551758,0.044002704322338104,0.0
p10,796,7834,2013-11-30T03:00:00,162,0.032999999821186066,0.009348884224891663,0.0201500803232193,0.04599577933549881,0.03400000184774399
p10,796,7834,2013-11-30T04:00:00,163,0.0,0.010377570986747742,0.02207886427640915,0.053260862827301025,0.0
p10,796,7834,2013-11-30T05:00:00,164,0.03400000184774399,0.004334047436714172,0.024200521409511566,0.09649776667356491,0.054999999701976776
p10,796,7834,2013-11-30T06:00:00,165,0.0,-0.00196664035320282,0.058790042996406555,0.32284054160118103,0.0
p10,796,7834,2013-11-30T07:00:00,166,0.03400000184774399,0.053003691136837006,0.2451748549938202,0.42840927839279175,0.03400000184774399
p10,796,7834,2013-11-30T08:00:00,167,0.2750000059604645,0.0829319879412651,0.23270204663276672,0.385204553604126,0.3569999933242798
p10,796,7834,2013-11-30T09:00:00,168,0.2409999966621399,0.034101612865924835,0.10720251500606537,0.27455663681030273,0.15800000727176666
median,609,7834,2013-11-23T10:00:00,1,0.42100000381469727,0.12796145677566528,0.38682955503463745,0.8964487910270691,0.8500000238418579
median,609,7834,2013-11-23T11:00:00,2,0.722000002861023,0.14344610273838043,0.41630029678344727,0.9543913006782532,0.3310000002384186
median,609,7834,2013-11-23T12:00:00,3,0.42100000381469727,0.1544351875782013,0.4506412148475647,1.0273189544677734,0.5730000138282776
median,609,7834,2013-11-23T13:00:00,4,0.1679999977350235,0.16486233472824097,0.5181992053985596,1.0867599248886108,1.1119999885559082
median,609,7834,2013-11-23T14:00:00,5,0.45500001311302185,0.14569386839866638,0.45413774251937866,0.9978481531143188,0.5619999766349792
median,609,7834,2013-11-23T15:00:00,6,0.6769999861717224,0.1441953480243683,0.41511398553848267,0.8669780492782593,0.2919999957084656
median,609,7834,2013-11-23T16:00:00,7,0.8999999761581421,0.18952536582946777,0.47786420583724976,0.8295152187347412,0.7639999985694885
median,609,7834,2013-11-23T17:00:00,8,1.88100004196167,0.30338892340660095,0.578264594078064,0.9089363813400269,0.5299999713897705
median,609,7834,2013-11-23T18:00:00,9,0.5239999890327454,0.4384033679962158,0.6207224130630493,1.085261344909668,0.5659999847412109
median,609,7834,2013-11-23T19:00:00,10,0.6980000138282776,0.43465709686279297,0.5802625417709351,1.0083377361297607,0.527999997138977
median,609,7834,2013-11-23T20:00:00,11,0.5320000052452087,0.40131518244743347,0.543424129486084,0.9723734259605408,0.5059999823570251
median,609,7834,2013-11-23T21:00:00,12,0.4350000023841858,0.3586699962615967,0.49472248554229736,0.9184269905090332,0.4269999861717224
median,609,7834,2013-11-23T22:00:00,13,0.34200000762939453,0.28185561299324036,0.4167998135089874,0.7918026447296143,0.3709999918937683
median,609,7834,2013-11-23T23:00:00,14,0.3580000102519989,0.17703776061534882,0.29147887229919434,0.6059870719909668,0.2770000100135803
median,609,7834,2013-11-24T00:00:00,15,0.38100001215934753,0.10223698616027832,0.2181219756603241,0.429412305355072,0.36899998784065247
median,609,7834,2013-11-24T01:00:00,16,0.36500000953674316,0.08313095569610596,0.13695253431797028,0.2544921338558197,0.24400000274181366
median,609,7834,2013-11-24T02:00:00,17,0.164000004529953,0.07838566601276398,0.11035393178462982,0.17229247093200684,0.1679999977350235
median,609,7834,2013-11-24T03:00:00,18,0.12700000405311584,0.07676227390766144,0.09686732292175293,0.13682766258716583,0.0860000029206276
median,609,7834,2013-11-24T04:00:00,19,0.11999999731779099,0.07638764381408691,0.09099814295768738,0.12246692180633545,0.09200000017881393
median,609,7834,2013-11-24T05:00:00,20,0.11100000143051147,0.07501401007175446,0.08999913930892944,0.12783658504486084,0.09600000083446503
median,609,7834,2013-11-24T06:00:00,21,0.1080000028014183,0.07076822221279144,0.1069822907447815,0.2096928507089615,0.09099999815225601
median,609,7834,2013-11-24T07:00:00,22,0.1340000033378601,0.0751388818025589,0.15905560553073883,0.5122051239013672,0.11400000005960464
median,609,7834,2013-11-24T08:00:00,23,0.30000001192092896,0.13383063673973083,0.3319465219974518,0.6766669154167175,0.4169999957084656
median,609,7834,2013-11-24T09:00:00,24,0.1589999943971634,0.08900013566017151,0.2370719313621521,0.7535905838012695,0.10999999940395355
median,609,7834,2013-11-24T10:00:00,25,0.2840000092983246,0.12446492910385132,0.4236679971218109,0.9863595366477966,2.808000087738037
median,609,7834,2013-11-24T11:00:00,26,0.48100000619888306,0.13957494497299194,0.40999406576156616,0.882962167263031,0.4869999885559082
median,609,7834,2013-11-24T12:00:00,27,0.9829999804496765,0.1475670039653778,0.4241675138473511,0.9289165735244751,0.34200000762939453
median,609,7834,2013-11-24T13:00:00,28,0.8119999766349792,0.15543419122695923,0.4698721170425415,0.9773684740066528,0.550000011920929
median,609,7834,2013-11-24T14:00:00,29,0.8479999899864197,0.1529366821050644,0.47599107027053833,0.9658798575401306,0.2980000078678131
median,609,7834,2013-11-24T15:00:00,30,0.6330000162124634,0.15543419122695923,0.4668751060962677,0.9244210124015808,0.9240000247955322
median,609,7834,2013-11-24T16:00:00,31,0.2639999985694885,0.1854044497013092,0.4846075177192688,0.9059393405914307,0.6150000095367432
median,609,7834,2013-11-24T17:00:00,32,0.5130000114440918,0.29283079504966736,0.6249681711196899,1.1641831398010254,0.4959999918937683
median,609,7834,2013-11-24T18:00:00,33,0.5170000195503235,0.4478939473628998,0.768325924873352,1.4643850326538086,1.2309999465942383
median,609,7834,2013-11-24T19:00:00,34,0.7059999704360962,0.4380287528038025,0.6494439244270325,1.2980501651763916,0.6259999871253967
median,609,7834,2013-11-24T20:00:00,35,0.4749999940395355,0.40424975752830505,0.6067363023757935,1.2421057224273682,1.0069999694824219
median,609,7834,2013-11-24T21:00:00,36,0.621999979019165,0.3527696132659912,0.5497928261756897,1.2316161394119263,2.0190000534057617
median,609,7834,2013-11-24T22:00:00,37,0.6919999718666077,0.26349881291389465,0.4187978208065033,1.0143318176269531,0.3700000047683716
median,609,7834,2013-11-24T23:00:00,38,0.4790000021457672,0.1574322134256363,0.288950115442276,0.7353586554527283,0.26100000739097595
median,609,7834,2013-11-25T00:00:00,39,0.13300000131130219,0.09187227487564087,0.18159574270248413,0.3563285768032074,0.2029999941587448
median,609,7834,2013-11-25T01:00:00,40,0.09399999678134918,0.07901003956794739,0.11622311174869537,0.2040109932422638,0.09399999678134918
median,609,7834,2013-11-25T02:00:00,41,0.12399999797344208,0.07538864016532898,0.10011410713195801,0.14731726050376892,0.13699999451637268
median,609,7834,2013-11-25T03:00:00,42,0.09600000083446503,0.07476425170898438,0.09074839949607849,0.12309129536151886,0.11900000274181366
median,609,7834,2013-11-25T04:00:00,43,0.08100000023841858,0.07501401007175446,0.08737674355506897,0.1150992214679718,0.08699999749660492
median,609,7834,2013-11-25T05:00:00,44,0.07800000160932541,0.0727662444114685,0.0913727730512619,0.15181279182434082,0.08399999886751175
median,609,7834,2013-11-25T06:00:00,45,0.19300000369548798,0.09474442899227142,0.2178722321987152,0.36491379141807556,0.25
median,609,7834,2013-11-25T07:00:00,46,0.32600000500679016,0.19277215003967285,0.4641278386116028,0.7328611612319946,0.5860000252723694
median,609,7834,2013-11-25T08:00:00,47,0.5109999775886536,0.10598327219486237,0.19820424914360046,0.4816104769706726,0.2540000081062317
median,609,7834,2013-11-25T09:00:00,48,0.35199999809265137,0.07189211249351501,0.17884846031665802,0.5226947069168091,0.24699999392032623
median,609,7834,2013-11-25T10:00:00,49,0.6759999990463257,0.06315077841281891,0.12633807957172394,0.44964221119880676,0.10000000149011612
median,609,7834,2013-11-25T11:00:00,50,0.3330000042915344,0.06327566504478455,0.13358089327812195,0.3752785325050354,0.21899999678134918
median,609,7834,2013-11-25T12:00:00,51,0.3840000033378601,0.06664732098579407,0.15006452798843384,0.39819326996803284,0.13600000739097595
median,609,7834,2013-11-25T13:00:00,52,0.17000000178813934,0.0700189620256424,0.15668295323848724,0.44327354431152344,0.11400000005960464
median,609,7834,2013-11-25T14:00:00,53,0.3400000035762787,0.07289111614227295,0.1535610556602478,0.44327354431152344,0.09200000017881393
median,609,7834,2013-11-25T15:00:00,54,0.3100000023841858,0.08288119733333588,0.2046353667974472,0.47549155354499817,0.3070000112056732
median,609,7834,2013-11-25T16:00:00,55,0.3490000069141388,0.13507939875125885,0.30990588665008545,0.5617809295654297,0.21299999952316284
median,609,7834,2013-11-25T17:00:00,56,0.296999990940094,0.2956700325012207,0.476740300655365,0.7465975284576416,0.5019999742507935
median,609,7834,2013-11-25T18:00:00,57,0.5490000247955322,0.43215954303741455,0.6057373285293579,0.9608848094940186,0.968999981880188
median,609,7834,2013-11-25T19:00:00,58,0.5920000076293945,0.43041127920150757,0.5772655606269836,0.8959493041038513,0.5550000071525574
median,609,7834,2013-11-25T20:00:00,59,0.8489999771118164,0.39669474959373474,0.5368056893348694,0.886458694934845,0.48899999260902405
median,609,7834,2013-11-25T21:00:00,60,0.3959999978542328,0.35386228561401367,0.4953468441963196,0.9014438390731812,0.3720000088214874
median,609,7834,2013-11-25T22:00:00,61,0.3230000138282776,0.27526840567588806,0.40518632531166077,0.7730712294578552,0.3400000035762787
median,609,7834,2013-11-25T23:00:00,62,0.375,0.1634262651205063,0.2905901074409485,0.5750178098678589,0.25
median,609,7834,2013-11-26T00:00:00,63,0.09399999678134918,0.08825087547302246,0.170356884598732,0.32393884658813477,0.10300000011920929
median,609,7834,2013-11-26T01:00:00,64,0.08299999684095383,0.07776127755641937,0.11172758042812347,0.19039949774742126,0.08900000154972076
median,609,7834,2013-11-26T02:00:00,65,0.08100000023841858,0.07501401007175446,0.09811608493328094,0.14319634437561035,0.08799999952316284
median,609,7834,2013-11-26T03:00:00,66,0.08100000023841858,0.07463937997817993,0.089874267578125,0.12196740508079529,0.08900000154972076
median,609,7834,2013-11-26T04:00:00,67,0.07999999821186066,0.07488913834095001,0.08700211346149445,0.11459971964359283,0.08699999749660492
median,609,7834,2013-11-26T05:00:00,68,0.07699999958276749,0.07289111614227295,0.09249666333198547,0.1520625501871109,0.08500000089406967
median,609,7834,2013-11-26T06:00:00,69,0.22499999403953552,0.09661756455898285,0.22218045592308044,0.36697426438331604,0.1940000057220459
median,609,7834,2013-11-26T07:00:00,70,0.5889999866485596,0.1910863220691681,0.46125566959381104,0.7258681058883667,0.6579999923706055
median,609,7834,2013-11-26T08:00:00,71,0.23000000417232513,0.10211211442947388,0.19033706188201904,0.4523894786834717,0.1589999943971634
median,609,7834,2013-11-26T09:00:00,72,0.13699999451637268,0.06864532828330994,0.1638008952140808,0.47998708486557007,0.10100000351667404
median,609,7834,2013-11-26T10:00:00,73,0.1860000044107437,0.06265127658843994,0.11497434973716736,0.3953835666179657,0.08299999684095383
median,609,7834,2013-11-26T11:00:00,74,0.1589999943971634,0.06352540850639343,0.1240902990102768,0.33516207337379456,0.08399999886751175
median,609,7834,2013-11-26T12:00:00,75,0.23100000619888306,0.06627269089221954,0.14282171428203583,0.3652884364128113,0.07800000160932541
median,609,7834,2013-11-26T13:00:00,76,0.13699999451637268,0.06901995837688446,0.15343618392944336,0.40755897760391235,0.2919999957084656
median,609,7834,2013-11-26T14:00:00,77,0.42100000381469727,0.07176722586154938,0.15156303346157074,0.40849554538726807,0.08799999952316284
median,609,7834,2013-11-26T15:00:00,78,0.15199999511241913,0.07988417148590088,0.19608135521411896,0.44264915585517883,0.09099999815225601
median,609,7834,2013-11-26T16:00:00,79,0.39800000190734863,0.12296642363071442,0.29283398389816284,0.5323101878166199,0.2630000114440918
median,609,7834,2013-11-26T17:00:00,80,0.31700000166893005,0.2678070366382599,0.4563855230808258,0.7111327052116394,0.3580000102519989
median,609,7834,2013-11-26T18:00:00,81,0.5139999985694885,0.41411498188972473,0.5847581028938293,0.911933422088623,0.5669999718666077
median,609,7834,2013-11-26T19:00:00,82,0.38600000739097595,0.4221694767475128,0.5710217356681824,0.8619830012321472,0.4009999930858612
median,609,7834,2013-11-26T20:00:00,83,0.6269999742507935,0.3899514675140381,0.5290634036064148,0.8459988236427307,0.5410000085830688
median,609,7834,2013-11-26T21:00:00,84,0.5109999775886536,0.3488672375679016,0.48860353231430054,0.8544903993606567,0.5070000290870667
median,609,7834,2013-11-26T22:00:00,85,0.6150000095367432,0.27147528529167175,0.40037861466407776,0.7353586554527283,0.2930000126361847
median,609,7834,2013-11-26T23:00:00,86,0.16599999368190765,0.15793171525001526,0.28993937373161316,0.5457967519760132,0.22300000488758087
median,609,7834,2013-11-27T00:00:00,87,0.0860000029206276,0.08687724173069,0.16842129826545715,0.318975031375885,0.07800000160932541
median,609,7834,2013-11-27T01:00:00,88,0.08399999886751175,0.07738666236400604,0.11047881841659546,0.18890097737312317,0.07800000160932541
median,609,7834,2013-11-27T02:00:00,89,0.07699999958276749,0.07463937997817993,0.09711708128452301,0.14194758236408234,0.07599999755620956
median,609,7834,2013-11-27T03:00:00,90,0.07599999755620956,0.07426474988460541,0.0892498791217804,0.1210932731628418,0.05900000035762787
median,609,7834,2013-11-27T04:00:00,91,0.08100000023841858,0.07476425170898438,0.08662748336791992,0.11422508955001831,0.0689999982714653
median,609,7834,2013-11-27T05:00:00,92,0.0820000022649765,0.07264137268066406,0.09374542534351349,0.15605857968330383,0.07400000095367432
median,609,7834,2013-11-27T06:00:00,93,0.22200000286102295,0.09636782109737396,0.22399115562438965,0.372780978679657,0.22200000286102295
median,609,7834,2013-11-27T07:00:00,94,0.18199999630451202,0.18758979439735413,0.4596322774887085,0.7218720316886902,0.4259999990463257
median,609,7834,2013-11-27T08:00:00,95,0.2590000033378601,0.10073848068714142,0.18709027767181396,0.44364815950393677,0.19300000369548798
median,609,7834,2013-11-27T09:00:00,96,0.1979999989271164,0.06789606809616089,0.15992973744869232,0.46762436628341675,0.2630000114440918
median,609,7834,2013-11-27T10:00:00,97,0.18700000643730164,0.06315077841281891,0.11235195398330688,0.38264620304107666,0.12999999523162842
median,609,7834,2013-11-27T11:00:00,98,0.06800000369548798,0.06427466869354248,0.11996939778327942,0.32353299856185913,0.19499999284744263
median,609,7834,2013-11-27T12:00:00,99,0.07000000029802322,0.06652243435382843,0.13870079815387726,0.35654711723327637,0.09200000017881393
median,609,7834,2013-11-27T13:00:00,100,0.30399999022483826,0.06901995837688446,0.15131328999996185,0.4054985046386719,0.06499999761581421
median,609,7834,2013-11-27T14:00:00,101,0.09700000286102295,0.07176722586154938,0.1511884182691574,0.4103686809539795,0.17399999499320984
median,609,7834,2013-11-27T15:00:00,102,0.09700000286102295,0.07925979793071747,0.1944579780101776,0.4435232877731323,0.3149999976158142
median,609,7834,2013-11-27T16:00:00,103,0.09799999743700027,0.12034402787685394,0.2915642261505127,0.533184289932251,0.2680000066757202
median,609,7834,2013-11-27T17:00:00,104,0.46299999952316284,0.25880035758018494,0.4538879990577698,0.7021416425704956,0.38100001215934753
median,609,7834,2013-11-27T18:00:00,105,0.578000009059906,0.40306344628334045,0.573519229888916,0.8814636468887329,0.5210000276565552
median,609,7834,2013-11-27T19:00:00,106,0.4699999988079071,0.4143647253513336,0.5655272006988525,0.8415033221244812,0.703000009059906
median,609,7834,2013-11-27T20:00:00,107,0.4020000100135803,0.3833330273628235,0.5239434838294983,0.8225221633911133,0.5040000081062317
median,609,7834,2013-11-27T21:00:00,108,0.4390000104904175,0.34449654817581177,0.4846075177192688,0.8175271153450012,0.4830000102519989
median,609,7834,2013-11-27T22:00:00,109,0.4959999918937683,0.26983627676963806,0.3993796110153198,0.7071366310119629,0.4580000042915344
median,609,7834,2013-11-27T23:00:00,110,0.2290000021457672,0.1586809754371643,0.2901032865047455,0.52681565284729,0.2639999985694885
median,609,7834,2013-11-28T00:00:00,111,0.10599999874830246,0.08712698519229889,0.17160564661026,0.3239544630050659,0.2370000034570694
median,609,7834,2013-11-28T01:00:00,112,0.09099999815225601,0.0772617757320404,0.11110319197177887,0.19183558225631714,0.07000000029802322
median,609,7834,2013-11-28T02:00:00,113,0.12200000137090683,0.07451450824737549,0.09699219465255737,0.14232221245765686,0.06199999898672104
median,609,7834,2013-11-28T03:00:00,114,0.10400000214576721,0.07426474988460541,0.08912500739097595,0.12084352970123291,0.08399999886751175
median,609,7834,2013-11-28T04:00:00,115,0.08900000154972076,0.07463937997817993,0.08662748336791992,0.11434997618198395,0.0820000022649765
median,609,7834,2013-11-28T05:00:00,116,0.0860000029206276,0.07239161431789398,0.0943697988986969,0.15905560553073883,0.08100000023841858
median,609,7834,2013-11-28T06:00:00,117,0.22300000488758087,0.09561856091022491,0.2247404158115387,0.3776511549949646,0.27399998903274536
median,609,7834,2013-11-28T07:00:00,118,0.7979999780654907,0.18502983450889587,0.4590079188346863,0.7236202955245972,0.41999998688697815
median,609,7834,2013-11-28T08:00:00,119,0.2029999941587448,0.09986434876918793,0.18534201383590698,0.44214963912963867,0.20499999821186066
median,609,7834,2013-11-28T09:00:00,120,0.08100000023841858,0.06777119636535645,0.15918047726154327,0.4708711504936218,0.07199999690055847
median,609,7834,2013-11-28T10:00:00,121,0.09399999678134918,0.06340053677558899,0.1121021956205368,0.38320815563201904,0.0729999989271164
median,609,7834,2013-11-28T11:00:00,122,0.09399999678134918,0.064649298787117,0.11897037923336029,0.3219720423221588,0.0820000022649765
median,609,7834,2013-11-28T12:00:00,123,0.09300000220537186,0.06677219271659851,0.13682766258716583,0.3566095530986786,0.20999999344348907
median,609,7834,2013-11-28T13:00:00,124,0.26499998569488525,0.0691448301076889,0.14894063770771027,0.4115550220012665,0.4480000138282776
median,609,7834,2013-11-28T14:00:00,125,0.25200000405311584,0.07189211249351501,0.15031428635120392,0.4205460846424103,0.10899999737739563
median,609,7834,2013-11-28T15:00:00,126,0.13699999451637268,0.07963442802429199,0.19458284974098206,0.45226460695266724,0.20100000500679016
median,609,7834,2013-11-28T16:00:00,127,0.16699999570846558,0.12159278988838196,0.29370516538619995,0.53992760181427,0.28999999165534973
median,609,7834,2013-11-28T17:00:00,128,0.3490000069141388,0.26001790165901184,0.45563626289367676,0.6981456279754639,0.3930000066757202
median,609,7834,2013-11-28T18:00:00,129,0.6489999890327454,0.3984430432319641,0.5682744979858398,0.862482488155365,0.37599998712539673
median,609,7834,2013-11-28T19:00:00,130,0.2709999978542328,0.41055601835250854,0.5637789368629456,0.8295152187347412,0.48899999260902405
median,609,7834,2013-11-28T20:00:00,131,1.3659999370574951,0.37989893555641174,0.5225698351860046,0.8085360527038574,0.367000013589859
median,609,7834,2013-11-28T21:00:00,132,0.6370000243186951,0.34293562173843384,0.4843577742576599,0.7913031578063965,0.49799999594688416
median,609,7834,2013-11-28T22:00:00,133,1.2519999742507935,0.2705855369567871,0.40187710523605347,0.6904032826423645,0.3790000081062317
median,609,7834,2013-11-28T23:00:00,134,1.5440000295639038,0.16230237483978271,0.2911403477191925,0.5183240175247192,0.46299999952316284
median,609,7834,2013-11-29T00:00:00,135,0.19699999690055847,0.08887524902820587,0.18159574270248413,0.33634841442108154,0.20200000703334808
median,609,7834,2013-11-29T01:00:00,136,0.08699999749660492,0.07751153409481049,0.11534897983074188,0.20107640326023102,0.15399999916553497
median,609,7834,2013-11-29T02:00:00,137,0.08799999952316284,0.07476425170898438,0.0979912132024765,0.14369584619998932,0.07900000363588333
median,609,7834,2013-11-29T03:00:00,138,0.08799999952316284,0.07451450824737549,0.08962450921535492,0.12034402787685394,0.08299999684095383
median,609,7834,2013-11-29T04:00:00,139,0.07500000298023224,0.07463937997817993,0.08687724173069,0.1136007159948349,0.07900000363588333
median,609,7834,2013-11-29T05:00:00,140,0.07699999958276749,0.07164235413074493,0.09387029707431793,0.1646750271320343,0.08500000089406967
median,609,7834,2013-11-29T06:00:00,141,0.210999995470047,0.0919971615076065,0.21987023949623108,0.3890773057937622,0.23899999260902405
median,609,7834,2013-11-29T07:00:00,142,0.7979999780654907,0.1857166439294815,0.47274428606033325,0.7453487515449524,0.5889999866485596
median,609,7834,2013-11-29T08:00:00,143,0.18000000715255737,0.10286137461662292,0.18827660381793976,0.4993428885936737,0.15800000727176666
median,609,7834,2013-11-29T09:00:00,144,0.11800000071525574,0.07226674258708954,0.1862785816192627,0.5474201440811157,0.07500000298023224
median,609,7834,2013-11-29T10:00:00,145,0.09000000357627869,0.06539855897426605,0.1334560066461563,0.4803617298603058,0.07599999755620956
median,609,7834,2013-11-29T11:00:00,146,0.0860000029206276,0.0661478042602539,0.12334105372428894,0.38439446687698364,0.07900000363588333
median,609,7834,2013-11-29T12:00:00,147,0.0689999982714653,0.06889508664608002,0.13383063673973083,0.41086819767951965,0.0820000022649765
median,609,7834,2013-11-29T13:00:00,148,0.08399999886751175,0.0721418559551239,0.1481913924217224,0.5263161063194275,0.07000000029802322
median,609,7834,2013-11-29T14:00:00,149,0.09799999743700027,0.07501401007175446,0.16130337119102478,0.5732694864273071,0.07100000232458115
median,609,7834,2013-11-29T15:00:00,150,0.09600000083446503,0.08675235509872437,0.2214311957359314,0.5730197429656982,0.0820000022649765
median,609,7834,2013-11-29T16:00:00,151,0.08699999749660492,0.14581874012947083,0.352707177400589,0.6284646987915039,0.4000000059604645
median,609,7834,2013-11-29T17:00:00,152,0.35600000619888306,0.2960251271724701,0.5033389329910278,0.7418522238731384,0.5730000138282776
median,609,7834,2013-11-29T18:00:00,153,0.5659999847412109,0.40362536907196045,0.5707719922065735,0.8579869270324707,0.6240000128746033
median,609,7834,2013-11-29T19:00:00,154,0.48500001430511475,0.4038751423358917,0.5640286803245544,0.8464983701705933,0.5889999866485596
median,609,7834,2013-11-29T20:00:00,155,0.7009999752044678,0.37396731972694397,0.5285638570785522,0.830014705657959,0.4059999883174896
median,609,7834,2013-11-29T21:00:00,156,0.5830000042915344,0.33931422233581543,0.487604558467865,0.7668274641036987,0.4339999854564667
median,609,7834,2013-11-29T22:00:00,157,0.32199999690055847,0.2718343138694763,0.41180476546287537,0.6741694211959839,0.3140000104904175
median,609,7834,2013-11-29T23:00:00,158,0.2290000021457672,0.17091882228851318,0.2915315628051758,0.5123299956321716,0.20800000429153442
median,609,7834,2013-11-30T00:00:00,159,0.09099999815225601,0.09611806273460388,0.20900604128837585,0.3779008984565735,0.15800000727176666
median,609,7834,2013-11-30T01:00:00,160,0.08799999952316284,0.08075830340385437,0.13358089327812195,0.24453327059745789,0.22599999606609344
median,609,7834,2013-11-30T02:00:00,161,0.0860000029206276,0.07701203227043152,0.10735690593719482,0.1670476794242859,0.16500000655651093
median,609,7834,2013-11-30T03:00:00,162,0.09300000220537186,0.07613790035247803,0.09474442899227142,0.13358089327812195,0.10899999737739563
median,609,7834,2013-11-30T04:00:00,163,0.08699999749660492,0.07588814198970795,0.0892498791217804,0.12096840143203735,0.08399999886751175
median,609,7834,2013-11-30T05:00:00,164,0.09300000220537186,0.07389011979103088,0.08875037729740143,0.1343301385641098,0.08399999886751175
median,609,7834,2013-11-30T06:00:00,165,0.09099999815225601,0.06976921856403351,0.11709724366664886,0.2592374384403229,0.07100000232458115
median,609,7834,2013-11-30T07:00:00,166,0.09099999815225601,0.07901003956794739,0.23866409063339233,0.6566867232322693,0.0820000022649765
median,609,7834,2013-11-30T08:00:00,167,0.40799999237060547,0.12583856284618378,0.35105255246162415,0.7815628051757812,0.8479999899864197
median,609,7834,2013-11-30T09:00:00,168,0.8989999890327454,0.09511905908584595,0.2897423207759857,0.7845598459243774,0.47600001096725464
p90,1471,7834,2013-11-23T10:00:00,1,0.8460000157356262,0.21856053173542023,0.4603414237499237,1.2908475399017334,1.8669999837875366
p90,1471,7834,2013-11-23T11:00:00,2,0.6169999837875366,0.21640658378601074,0.5073798894882202,1.3871417045593262,3.1610000133514404
p90,1471,7834,2013-11-23T12:00:00,3,0.2409999966621399,0.22096788883209229,0.5136516690254211,1.3035178184509277,0.6110000014305115
p90,1471,7834,2013-11-23T13:00:00,4,0.1509999930858612,0.21361911296844482,0.442317932844162,1.0987658500671387,0.44200000166893005
p90,1471,7834,2013-11-23T14:00:00,5,0.18799999356269836,0.21311229467391968,0.3961663842201233,0.9305043816566467,0.39899998903274536
p90,1471,7834,2013-11-23T15:00:00,6,0.41499999165534973,0.22438886761665344,0.37693920731544495,0.9117523431777954,0.2709999978542328
p90,1471,7834,2013-11-23T16:00:00,7,0.3630000054836273,0.24858912825584412,0.39743340015411377,1.064302682876587,0.3330000042915344
p90,1471,7834,2013-11-23T17:00:00,8,1.2430001497268677,0.29090791940689087,0.5179595947265625,1.407414197921753,0.5720000267028809
p90,1471,7834,2013-11-23T18:00:00,9,0.8050000071525574,0.36110132932662964,0.6497306227684021,1.6567656993865967,0.5299999713897705
p90,1471,7834,2013-11-23T19:00:00,10,0.6769999861717224,0.4054790437221527,0.7554008960723877,1.8128635883331299,0.6050000190734863
p90,1471,7834,2013-11-23T20:00:00,11,1.0360000133514404,0.4061838388442993,0.8793163895606995,1.8544223308563232,1.4199999570846558
p90,1471,7834,2013-11-23T21:00:00,12,0.5989999771118164,0.4141804575920105,0.9180874824523926,1.7419099807739258,1.3600000143051147
p90,1471,7834,2013-11-23T22:00:00,13,0.6140000224113464,0.42963969707489014,0.827621579170227,1.6081116199493408,0.6819999814033508
p90,1471,7834,2013-11-23T23:00:00,14,0.9350000023841858,0.3944242000579834,0.6387075185775757,1.5969617366790771,0.37599998712539673
p90,1471,7834,2013-11-24T00:00:00,15,0.5740000009536743,0.3298057019710541,0.7072538137435913,1.6324386596679688,0.36500000953674316
p90,1471,7834,2013-11-24T01:00:00,16,0.1289999932050705,0.2815318703651428,0.8169785737991333,1.5584442615509033,1.1970000267028809
p90,1471,7834,2013-11-24T02:00:00,17,0.13600000739097595,0.22058777511119843,0.7645235061645508,1.5827710628509521,2.232999801635742
p90,1471,7834,2013-11-24T03:00:00,18,0.14399999380111694,0.18143656849861145,0.6905289888381958,1.5989890098571777,2.0959999561309814
p90,1471,7834,2013-11-24T04:00:00,19,0.08399999886751175,0.17332758009433746,0.6494772434234619,1.5827710628509521,2.059999942779541
p90,1471,7834,2013-11-24T05:00:00,20,0.14399999380111694,0.16559869050979614,0.5761162042617798,1.502694845199585,0.8659999966621399
p90,1471,7834,2013-11-24T06:00:00,21,0.09200000017881393,0.16851286590099335,0.5035154223442078,1.2705750465393066,0.06400000303983688
p90,1471,7834,2013-11-24T07:00:00,22,0.14000000059604645,0.15939024090766907,0.36515581607818604,1.092177391052246,0.052000001072883606
p90,1471,7834,2013-11-24T08:00:00,23,0.16300000250339508,0.16433167457580566,0.31485477089881897,1.0653163194656372,0.16300000250339508
p90,1471,7834,2013-11-24T09:00:00,24,0.6970000267028809,0.18536435067653656,0.4758308529853821,1.3187222480773926,1.3519999980926514
p90,1471,7834,2013-11-24T10:00:00,25,0.9409999847412109,0.20132893323898315,0.44082915782928467,1.328351616859436,2.375
p90,1471,7834,2013-11-24T11:00:00,26,0.3709999918937683,0.2028493583202362,0.4273986518383026,1.1894851922988892,0.7179999947547913
p90,1471,7834,2013-11-24T12:00:00,27,0.13500000536441803,0.19676761329174042,0.3926345407962799,1.0247713327407837,0.0949999988079071
p90,1471,7834,2013-11-24T13:00:00,28,0.13500000536441803,0.19550059735774994,0.35574814677238464,0.889959454536438,0.050999999046325684
p90,1471,7834,2013-11-24T14:00:00,29,0.22499999403953552,0.20525671541690826,0.3624950647354126,0.853975772857666,0.40799999237060547
p90,1471,7834,2013-11-24T15:00:00,30,0.5170000195503235,0.22438886761665344,0.3902588486671448,0.9548313617706299,0.7889999747276306
p90,1471,7834,2013-11-24T16:00:00,31,0.5809999704360962,0.2537839412689209,0.4359194338321686,1.171239972114563,1.3329999446868896
p90,1471,7834,2013-11-24T17:00:00,32,0.5120000243186951,0.29204821586608887,0.5553369522094727,1.431234359741211,1.3760000467300415
p90,1471,7834,2013-11-24T18:00:00,33,1.184000015258789,0.34488335251808167,0.5730753540992737,1.4793815612792969,0.4300000071525574
p90,1471,7834,2013-11-24T19:00:00,34,1.3380000591278076,0.3833535313606262,0.6151407361030579,1.502694845199585,0.4790000021457672
p90,1471,7834,2013-11-24T20:00:00,35,1.3700001239776611,0.3815321922302246,0.7194172739982605,1.5148582458496094,0.3499999940395355
p90,1471,7834,2013-11-24T21:00:00,36,0.9919999837875366,0.41289710998535156,0.8202728033065796,1.421604871749878,0.8100000023841858
p90,1471,7834,2013-11-24T22:00:00,37,1.4359999895095825,0.4573005437850952,0.7807414531707764,1.3937304019927979,0.8949999809265137
p90,1471,7834,2013-11-24T23:00:00,38,1.1139999628067017,0.4073004126548767,0.6788723468780518,1.5939209461212158,1.972000002861023
p90,1471,7834,2013-11-25T00:00:00,39,0.26899999380111694,0.2816585898399353,0.5764963626861572,1.521953821182251,2.0390000343322754
p90,1471,7834,2013-11-25T01:00:00,40,0.14300000667572021,0.21932074427604675,0.6374404430389404,1.455054521560669,1.406000018119812
p90,1471,7834,2013-11-25T02:00:00,41,0.17800000309944153,0.1449461281299591,0.48159584403038025,1.3749783039093018,1.559999942779541
p90,1471,7834,2013-11-25T03:00:00,42,0.13199999928474426,0.12061914801597595,0.40934744477272034,1.2766568660736084,2.6549999713897705
p90,1471,7834,2013-11-25T04:00:00,43,0.12600000202655792,0.11656466126441956,0.36414220929145813,1.1904988288879395,1.2450000047683716
p90,1471,7834,2013-11-25T05:00:00,44,0.2029999941587448,0.13835754990577698,0.35229548811912537,1.144885778427124,1.2230000495910645
p90,1471,7834,2013-11-25T06:00:00,45,0.11100000143051147,0.3018677234649658,0.7812483310699463,1.140324354171753,1.187000036239624
p90,1471,7834,2013-11-25T07:00:00,46,0.15800000727176666,0.27418312430381775,0.7310739755630493,1.2523298263549805,1.24399995803833
p90,1471,7834,2013-11-25T08:00:00,47,0.847000002861023,0.317768931388855,0.8233137130737305,1.3172017335891724,1.3860000371932983
p90,1471,7834,2013-11-25T09:00:00,48,0.6890000104904175,0.17978942394256592,0.3719344437122345,1.0815342664718628,0.9470000267028809
p90,1471,7834,2013-11-25T10:00:00,49,0.29600000381469727,0.16661231219768524,0.29521581530570984,0.8630983829498291,0.23399999737739563
p90,1471,7834,2013-11-25T11:00:00,50,0.3970000147819519,0.17117363214492798,0.3601827323436737,0.9049103856086731,0.3700000047683716
p90,1471,7834,2013-11-25T12:00:00,51,0.3959999978542328,0.17522811889648438,0.3625267446041107,0.8504281044006348,0.7070000171661377
p90,1471,7834,2013-11-25T13:00:00,52,0.2150000035762787,0.17738206684589386,0.3297423720359802,0.7092810273170471,0.22200000286102295
p90,1471,7834,2013-11-25T14:00:00,53,0.31200000643730164,0.18561775982379913,0.3358241021633148,0.6526448130607605,0.3889999985694885
p90,1471,7834,2013-11-25T15:00:00,54,0.13500000536441803,0.1990482658147812,0.34602367877960205,0.705986738204956,1.0579999685287476
p90,1471,7834,2013-11-25T16:00:00,55,0.17399999499320984,0.23313136398792267,0.3449467122554779,0.7994935512542725,0.3630000054836273
p90,1471,7834,2013-11-25T17:00:00,56,0.6349999904632568,0.2754501700401306,0.40140870213508606,1.121065616607666,0.6140000224113464
p90,1471,7834,2013-11-25T18:00:00,57,1.4709999561309814,0.3512185215950012,0.7034527063369751,1.550335168838501,1.2899999618530273
p90,1471,7834,2013-11-25T19:00:00,58,0.4790000021457672,0.38759809732437134,0.7133355140686035,1.603043556213379,1.2400000095367432
p90,1471,7834,2013-11-25T20:00:00,59,0.7919999957084656,0.3685768246650696,0.7229649424552917,1.5331034660339355,1.065000057220459
p90,1471,7834,2013-11-25T21:00:00,60,1.2230000495910645,0.38055023550987244,0.8111501932144165,1.4342753887176514,1.0850000381469727
p90,1471,7834,2013-11-25T22:00:00,61,0.7799999713897705,0.4241756498813629,0.7832755446434021,1.3663625717163086,0.8169999718666077
p90,1471,7834,2013-11-25T23:00:00,62,0.4300000071525574,0.3957229256629944,0.7026925086975098,1.5331034660339355,0.45399999618530273
p90,1471,7834,2013-11-26T00:00:00,63,0.20200000703334808,0.26708775758743286,0.5301230549812317,1.4479591846466064,0.33500000834465027
p90,1471,7834,2013-11-26T01:00:00,64,0.15000000596046448,0.1908125877380371,0.5408294796943665,1.3663625717163086,0.6240000128746033
p90,1471,7834,2013-11-26T02:00:00,65,1.1699999570846558,0.12670087814331055,0.36490243673324585,1.2087440490722656,0.16200000047683716
p90,1471,7834,2013-11-26T03:00:00,66,0.5440000295639038,0.11073631048202515,0.3013609051704407,1.075959324836731,0.10000000149011612
p90,1471,7834,2013-11-26T04:00:00,67,0.18000000715255737,0.10946929454803467,0.27126896381378174,0.9928421974182129,0.11699999868869781
p90,1471,7834,2013-11-26T05:00:00,68,0.10499999672174454,0.1330360472202301,0.27418312430381775,0.9903081655502319,0.12999999523162842
p90,1471,7834,2013-11-26T06:00:00,69,0.1420000046491623,0.28824713826179504,0.7640166878700256,1.121065616607666,0.6800000071525574
p90,1471,7834,2013-11-26T07:00:00,70,0.46299999952316284,0.2508697807788849,0.696864128112793,1.2634797096252441,0.14800000190734863
p90,1471,7834,2013-11-26T08:00:00,71,2.0799999237060547,0.3079494535923004,0.7992401123046875,1.2918611764907837,1.4500000476837158
p90,1471,7834,2013-11-26T09:00:00,72,2.305000066757202,0.1649651825428009,0.3150448203086853,0.9974035024642944,1.753000020980835
p90,1471,7834,2013-11-26T10:00:00,73,0.1420000046491623,0.15432214736938477,0.2838125228881836,0.8286352157592773,1.1089999675750732
p90,1471,7834,2013-11-26T11:00:00,74,0.31299999356269836,0.15977036952972412,0.35109180212020874,0.8904662132263184,1.2389999628067017
p90,1471,7834,2013-11-26T12:00:00,75,0.4050000011920929,0.16433167457580566,0.34431320428848267,0.8230602741241455,0.5799999833106995
p90,1471,7834,2013-11-26T13:00:00,76,0.4259999990463257,0.1681327521800995,0.3195427656173706,0.6839404106140137,0.6439999938011169
p90,1471,7834,2013-11-26T14:00:00,77,0.3240000009536743,0.17535482347011566,0.3267648220062256,0.6305984854698181,0.4390000104904175
p90,1471,7834,2013-11-26T15:00:00,78,0.375,0.1858711689710617,0.3333534002304077,0.6706366539001465,0.4790000021457672
p90,1471,7834,2013-11-26T16:00:00,79,0.17900000512599945,0.21564635634422302,0.3303125202655792,0.7480521202087402,0.6140000224113464
p90,1471,7834,2013-11-26T17:00:00,80,0.12600000202655792,0.25239020586013794,0.37187108397483826,1.025784969329834,0.3100000023841858
p90,1471,7834,2013-11-26T18:00:00,81,0.1679999977350235,0.30845627188682556,0.652771532535553,1.4560682773590088,0.05999999865889549
p90,1471,7834,2013-11-26T19:00:00,82,0.7829999923706055,0.346847265958786,0.6648082733154297,1.5249946117401123,0.057999998331069946
p90,1471,7834,2013-11-26T20:00:00,83,1.2690000534057617,0.33443036675453186,0.6724104881286621,1.4580953121185303,0.057999998331069946
p90,1471,7834,2013-11-26T21:00:00,84,1.3609999418258667,0.33873826265335083,0.758948564529419,1.3719375133514404,0.0560000017285347
p90,1471,7834,2013-11-26T22:00:00,85,0.7419999837875366,0.3719027638435364,0.7470384836196899,1.3055450916290283,0.05400000140070915
p90,1471,7834,2013-11-26T23:00:00,86,0.2919999957084656,0.35403764247894287,0.6711434125900269,1.4570817947387695,0.054999999701976776
p90,1471,7834,2013-11-27T00:00:00,87,1.5909998416900635,0.2458016574382782,0.4879309833049774,1.3648420572280884,2.75
p90,1471,7834,2013-11-27T01:00:00,88,2.248999834060669,0.1709202229976654,0.4767177700996399,1.2969293594360352,4.2829999923706055
p90,1471,7834,2013-11-27T02:00:00,89,2.2820000648498535,0.11884531378746033,0.30541539192199707,1.0901501178741455,3.683000087738037
p90,1471,7834,2013-11-27T03:00:00,90,2.2079999446868896,0.10794886946678162,0.2507430911064148,0.9487496018409729,3.0839998722076416
p90,1471,7834,2013-11-27T04:00:00,91,2.2690000534057617,0.10845565795898438,0.22844335436820984,0.868419885635376,3.0399999618530273
p90,1471,7834,2013-11-27T05:00:00,92,2.1670000553131104,0.13176900148391724,0.23756596446037292,0.889706015586853,3.003000020980835
p90,1471,7834,2013-11-27T06:00:00,93,2.190999984741211,0.26734116673469543,0.730060338973999,1.1013000011444092,1.8229999542236328
p90,1471,7834,2013-11-27T07:00:00,94,2.369999885559082,0.23338477313518524,0.6669622659683228,1.2538502216339111,0.8510000109672546
p90,1471,7834,2013-11-27T08:00:00,95,2.121000051498413,0.29217493534088135,0.7604690194129944,1.2518229484558105,1.2359999418258667
p90,1471,7834,2013-11-27T09:00:00,96,0.07100000232458115,0.15786981582641602,0.28780367970466614,0.9317713975906372,0.8610000014305115
p90,1471,7834,2013-11-27T10:00:00,97,0.22200000286102295,0.14925402402877808,0.27418312430381775,0.7949322462081909,0.7559999823570251
p90,1471,7834,2013-11-27T11:00:00,98,0.32899999618530273,0.15432214736938477,0.33645761013031006,0.8671529293060303,1.1130000352859497
p90,1471,7834,2013-11-27T12:00:00,99,1.00600004196167,0.15977036952972412,0.32511770725250244,0.7984799146652222,1.2029999494552612
p90,1471,7834,2013-11-27T13:00:00,100,0.8980000019073486,0.16521859169006348,0.30927982926368713,0.6667088270187378,0.4309999942779541
p90,1471,7834,2013-11-27T14:00:00,101,0.9549999833106995,0.17218725383281708,0.31890925765037537,0.6161543726921082,0.14499999582767487
p90,1471,7834,2013-11-27T15:00:00,102,0.9399999976158142,0.1820700764656067,0.32239359617233276,0.6460562944412231,0.8460000157356262
p90,1471,7834,2013-11-27T16:00:00,103,1.0579999685287476,0.2099447250366211,0.3186558485031128,0.7082673907279968,2.328000068664551
p90,1471,7834,2013-11-27T17:00:00,104,1.156999945640564,0.24162046611309052,0.35473451018333435,0.9634471535682678,2.203000068664551
p90,1471,7834,2013-11-27T18:00:00,105,1.309999942779541,0.2834324240684509,0.603990912437439,1.3825805187225342,2.5399999618530273
p90,1471,7834,2013-11-27T19:00:00,106,0.906000018119812,0.31688201427459717,0.6184350252151489,1.4621498584747314,1.2089999914169312
p90,1471,7834,2013-11-27T20:00:00,107,1.444000005722046,0.30946987867355347,0.6283178329467773,1.4089347124099731,0.30000001192092896
p90,1471,7834,2013-11-27T21:00:00,108,0.5429999828338623,0.3077594041824341,0.7113082408905029,1.3268311023712158,0.21299999952316284
p90,1471,7834,2013-11-27T22:00:00,109,0.5139999985694885,0.32936224341392517,0.7151093482971191,1.2553707361221313,0.7409999966621399
p90,1471,7834,2013-11-27T23:00:00,110,0.40700000524520874,0.3135877251625061,0.6390876173973083,1.375991940498352,1.409000039100647
p90,1471,7834,2013-11-28T00:00:00,111,0.21799999475479126,0.2359188348054886,0.47405701875686646,1.3237903118133545,2.002000093460083
p90,1471,7834,2013-11-28T01:00:00,112,0.1340000033378601,0.1639515459537506,0.45413297414779663,1.2650001049041748,1.184000015258789
p90,1471,7834,2013-11-28T02:00:00,113,0.07100000232458115,0.11681807041168213,0.28552302718162537,1.0430165529251099,1.0010000467300415
p90,1471,7834,2013-11-28T03:00:00,114,0.12700000405311584,0.10794886946678162,0.23300465941429138,0.8975616097450256,0.9950000047683716
p90,1471,7834,2013-11-28T04:00:00,115,0.06400000303983688,0.10946929454803467,0.21247878670692444,0.8139376640319824,0.4390000104904175
p90,1471,7834,2013-11-28T05:00:00,116,0.1379999965429306,0.13176900148391724,0.2227417230606079,0.8418123126029968,0.1509999930858612
p90,1471,7834,2013-11-28T06:00:00,117,0.20000000298023224,0.2515032887458801,0.7031992673873901,1.0906568765640259,0.8679999709129333
p90,1471,7834,2013-11-28T07:00:00,118,0.6880000233650208,0.22426216304302216,0.6494772434234619,1.2442208528518677,0.7480000257492065
p90,1471,7834,2013-11-28T08:00:00,119,0.6489999890327454,0.2788711190223694,0.7290467023849487,1.2244551181793213,1.2760000228881836
p90,1471,7834,2013-11-28T09:00:00,120,0.10499999672174454,0.15558916330337524,0.27228257060050964,0.8843845129013062,0.2070000022649765
p90,1471,7834,2013-11-28T10:00:00,121,0.1080000028014183,0.1479869782924652,0.2698752284049988,0.7733926773071289,0.22599999606609344
p90,1471,7834,2013-11-28T11:00:00,122,0.4580000042915344,0.15280169248580933,0.32397738099098206,0.8443464040756226,0.8180000185966492
p90,1471,7834,2013-11-28T12:00:00,123,0.4189999997615814,0.15939024090766907,0.3089630603790283,0.7728859186172485,0.41100001335144043
p90,1471,7834,2013-11-28T13:00:00,124,0.3179999887943268,0.16559869050979614,0.3007907271385193,0.6508709788322449,0.36899998784065247
p90,1471,7834,2013-11-28T14:00:00,125,0.25,0.17244064807891846,0.3125741183757782,0.6044976711273193,0.36800000071525574
p90,1471,7834,2013-11-28T15:00:00,126,0.14300000667572021,0.18245019018650055,0.3135877251625061,0.6267974376678467,0.40400001406669617
p90,1471,7834,2013-11-28T16:00:00,127,0.1080000028014183,0.20905780792236328,0.30972328782081604,0.6770985126495361,0.3869999945163727
p90,1471,7834,2013-11-28T17:00:00,128,0.9990000128746033,0.2359188348054886,0.3434896469116211,0.9193544983863831,0.367000013589859
p90,1471,7834,2013-11-28T18:00:00,129,2.884999990463257,0.27000191807746887,0.572948694229126,1.3420355319976807,0.8240000009536743
p90,1471,7834,2013-11-28T19:00:00,130,1.4739999771118164,0.298636794090271,0.5928410291671753,1.4317412376403809,0.5519999861717224
p90,1471,7834,2013-11-28T20:00:00,131,1.4759999513626099,0.29306185245513916,0.6018369197845459,1.3866349458694458,0.5059999823570251
p90,1471,7834,2013-11-28T21:00:00,132,0.8870000243186951,0.2883104979991913,0.6788723468780518,1.307065486907959,0.6209999918937683
p90,1471,7834,2013-11-28T22:00:00,133,0.4740000069141388,0.3031347393989563,0.6971175670623779,1.2285096645355225,1.1649999618530273
p90,1471,7834,2013-11-28T23:00:00,134,0.8479999899864197,0.2872968912124634,0.6235031485557556,1.325817584991455,1.2200000286102295
p90,1471,7834,2013-11-29T00:00:00,135,0.703000009059906,0.23908640444278717,0.5033254027366638,1.3465968370437622,1.2699999809265137
p90,1471,7834,2013-11-29T01:00:00,136,0.22100000083446503,0.1780155897140503,0.5226476192474365,1.3248039484024048,1.2359999418258667
p90,1471,7834,2013-11-29T02:00:00,137,0.06499999761581421,0.12289980053901672,0.355938196182251,1.1884715557098389,1.1779999732971191
p90,1471,7834,2013-11-29T03:00:00,138,0.14399999380111694,0.11022952198982239,0.29293516278266907,1.0617685317993164,2.555999994277954
p90,1471,7834,2013-11-29T04:00:00,139,0.052000001072883606,0.11124312877655029,0.2617662250995636,0.9740901589393616,3.36299991607666
p90,1471,7834,2013-11-29T05:00:00,140,0.13600000739097595,0.13430306315422058,0.2836858332157135,1.0034852027893066,3.2730000019073486
p90,1471,7834,2013-11-29T06:00:00,141,0.06300000101327896,0.25315043330192566,0.70294588804245,1.096738576889038,3.190000057220459
p90,1471,7834,2013-11-29T07:00:00,142,1.1100000143051147,0.2446613311767578,0.6900221705436707,1.2001283168792725,3.240999937057495
p90,1471,7834,2013-11-29T08:00:00,143,0.7749999761581421,0.27114224433898926,0.7219513654708862,1.1910057067871094,3.130000114440918
p90,1471,7834,2013-11-29T09:00:00,144,1.4930000305175781,0.1590101420879364,0.28419265151023865,0.9241692423820496,2.7809998989105225
p90,1471,7834,2013-11-29T10:00:00,145,0.12999999523162842,0.15280169248580933,0.2698752284049988,0.8103899955749512,1.031999945640564
p90,1471,7834,2013-11-29T11:00:00,146,0.10999999940395355,0.1569828987121582,0.3178322911262512,0.8714607954025269,0.3140000104904175
p90,1471,7834,2013-11-29T12:00:00,147,0.33799999952316284,0.16331803798675537,0.3018677234649658,0.8070957064628601,0.08900000154972076
p90,1471,7834,2013-11-29T13:00:00,148,0.11299999803304672,0.16838616132736206,0.301550954580307,0.6892619729042053,0.15199999511241913
p90,1471,7834,2013-11-29T14:00:00,149,0.12800000607967377,0.17560823261737823,0.3158683776855469,0.6365535259246826,0.6679999828338623
p90,1471,7834,2013-11-29T15:00:00,150,0.6840000152587891,0.18726490437984467,0.3099766969680786,0.6455494165420532,0.2939999997615814
p90,1471,7834,2013-11-29T16:00:00,151,1.340000033378601,0.21159186959266663,0.3077594041824341,0.6902755498886108,0.32899999618530273
p90,1471,7834,2013-11-29T17:00:00,152,2.191999912261963,0.23021720349788666,0.3549562394618988,0.9680084586143494,0.28299999237060547
p90,1471,7834,2013-11-29T18:00:00,153,0.4350000023841858,0.27215588092803955,0.5832116007804871,1.4150164127349854,0.48500001430511475
p90,1471,7834,2013-11-29T19:00:00,154,0.08299999684095383,0.2980666160583496,0.6209690570831299,1.5391852855682373,1.4550000429153442
p90,1471,7834,2013-11-29T20:00:00,155,0.09799999743700027,0.28533297777175903,0.627304196357727,1.5067493915557861,1.9019999504089355
p90,1471,7834,2013-11-29T21:00:00,156,0.38199999928474426,0.26518720388412476,0.6570793986320496,1.364335298538208,2.6499998569488525
p90,1471,7834,2013-11-29T22:00:00,157,3.813999891281128,0.2594855725765228,0.6776052713394165,1.2482752799987793,3.2890000343322754
p90,1471,7834,2013-11-29T23:00:00,158,3.013000011444092,0.22236160933971405,0.5737088918685913,1.254357099533081,2.9860000610351562
p90,1471,7834,2013-11-30T00:00:00,159,4.040999889373779,0.23845288157463074,0.5377252101898193,1.3491308689117432,2.995999813079834
p90,1471,7834,2013-11-30T01:00:00,160,3.173999786376953,0.19537389278411865,0.6063982248306274,1.3830872774124146,3.0859999656677246
p90,1471,7834,2013-11-30T02:00:00,161,1.3580000400543213,0.1320224106311798,0.4369647204875946,1.3025041818618774,2.9809999465942383
p90,1471,7834,2013-11-30T03:00:00,162,0.6840000152587891,0.11580443382263184,0.33633092045783997,1.1697194576263428,2.3469998836517334
p90,1471,7834,2013-11-30T04:00:00,163,0.296999990940094,0.11225676536560059,0.31567832827568054,1.139817714691162,2.243000030517578
p90,1471,7834,2013-11-30T05:00:00,164,1.3980000019073486,0.13557010889053345,0.3777310848236084,1.2508094310760498,2.265000104904175
p90,1471,7834,2013-11-30T06:00:00,165,1.968999981880188,0.18536435067653656,0.5648396611213684,1.2533434629440308,2.2300000190734863
p90,1471,7834,2013-11-30T07:00:00,166,3.1389999389648438,0.17218725383281708,0.4388177692890167,1.1676923036575317,2.2260000705718994
p90,1471,7834,2013-11-30T08:00:00,167,0.9539999961853027,0.15026763081550598,0.33468377590179443,1.0212236642837524,0.5090000033378601
p90,1471,7834,2013-11-30T09:00:00,168,0.8349999785423279,0.14545291662216187,0.30047398805618286,1.0237576961517334,0.3840000033378601
